-- MySQL Workbench Forward Engineering
drop database sklad;
SET @OLD_UNIQUE_CHECKS=@@UNIQUE_CHECKS, UNIQUE_CHECKS=0;
SET @OLD_FOREIGN_KEY_CHECKS=@@FOREIGN_KEY_CHECKS, FOREIGN_KEY_CHECKS=0;
SET @OLD_SQL_MODE=@@SQL_MODE, SQL_MODE='ONLY_FULL_GROUP_BY,STRICT_TRANS_TABLES,NO_ZERO_IN_DATE,NO_ZERO_DATE,ERROR_FOR_DIVISION_BY_ZERO,NO_ENGINE_SUBSTITUTION';

-- -----------------------------------------------------
-- Schema sklad
-- -----------------------------------------------------

-- -----------------------------------------------------
-- Schema sklad
-- -----------------------------------------------------
CREATE SCHEMA IF NOT EXISTS `sklad` DEFAULT CHARACTER SET utf8 ;
-- -----------------------------------------------------
-- Schema sklad
-- -----------------------------------------------------
USE `sklad` ;

-- -----------------------------------------------------
-- Table `sklad`.`ячейка`
-- -----------------------------------------------------
CREATE TABLE IF NOT EXISTS `sklad`.`ячейка` (
  `id_ячейки` INT NOT NULL,
  `наименование` VARCHAR(45) NOT NULL,
  `статус` VARCHAR(45) NULL,
  UNIQUE INDEX `наименование_UNIQUE` (`наименование` ASC) VISIBLE,
  PRIMARY KEY (`id_ячейки`),
  UNIQUE INDEX `ш_UNIQUE` (`id_ячейки` ASC) VISIBLE)
ENGINE = InnoDB;


-- -----------------------------------------------------
-- Table `sklad`.`поставщик`
-- -----------------------------------------------------
CREATE TABLE IF NOT EXISTS `sklad`.`поставщик` (
  `id_поставщик` INT NOT NULL,
  `название_организации` VARCHAR(45) NOT NULL,
  `адрес` VARCHAR(45) NOT NULL,
  `номер_телефона` VARCHAR(45) NOT NULL,
  PRIMARY KEY (`id_поставщик`),
  UNIQUE INDEX `idпоставщик_UNIQUE` (`id_поставщик` ASC) VISIBLE)
ENGINE = InnoDB;


-- -----------------------------------------------------
-- Table `sklad`.`сотрудник`
-- -----------------------------------------------------
CREATE TABLE IF NOT EXISTS `sklad`.`сотрудник` (
  `id_сотрудник` INT NOT NULL,
  `логин` VARCHAR(45) NOT NULL,
  `пароль` VARCHAR(45) NOT NULL,
  `пол` VARCHAR(1) NOT NULL,
  `год_рождения` DATE NOT NULL,
  `специальность` VARCHAR(45) NOT NULL,
  `фамилия` VARCHAR(45) NOT NULL,
  `имя` VARCHAR(45) NOT NULL,
  `отчество` VARCHAR(45) NOT NULL,
  `уровень_доступа` INT NOT NULL,
  `статус` VARCHAR(45) NULL,
  UNIQUE INDEX `id_сотрудник_UNIQUE` (`id_сотрудник` ASC) VISIBLE,
  PRIMARY KEY (`id_сотрудник`),
  UNIQUE INDEX `логин_UNIQUE` (`логин` ASC) VISIBLE)
ENGINE = InnoDB;


-- -----------------------------------------------------
-- Table `sklad`.`принимающий поставку`
-- -----------------------------------------------------
CREATE TABLE IF NOT EXISTS `sklad`.`принимающий поставку` (
  `id_принимающий_поставку` INT NOT NULL UNIQUE,
  `сотрудник_id_сотрудник` INT NOT NULL,
  PRIMARY KEY (`id_принимающий_поставку`, `сотрудник_id_сотрудник`),
  INDEX `fk_принимающий поставку_сотрудни_idx` (`сотрудник_id_сотрудник` ASC) VISIBLE,
  CONSTRAINT `fk_принимающий поставку_сотрудник1`
    FOREIGN KEY (`сотрудник_id_сотрудник`)
    REFERENCES `sklad`.`сотрудник` (`id_сотрудник`)
    ON DELETE NO ACTION
    ON UPDATE NO ACTION)
ENGINE = InnoDB;


-- -----------------------------------------------------
-- Table `sklad`.`менеджер`
-- -----------------------------------------------------
CREATE TABLE IF NOT EXISTS `sklad`.`менеджер` (
  `id_менеджер` INT NOT NULL UNIQUE,
  `сотрудник_id_сотрудник` INT NOT NULL,
  PRIMARY KEY (`id_менеджер`, `сотрудник_id_сотрудник`),
  INDEX `fk_менеджер_сотрудник1_idx` (`сотрудник_id_сотрудник` ASC) VISIBLE,
  CONSTRAINT `fk_менеджер_сотрудник1`
    FOREIGN KEY (`сотрудник_id_сотрудник`)
    REFERENCES `sklad`.`сотрудник` (`id_сотрудник`)
    ON DELETE NO ACTION
    ON UPDATE NO ACTION)
ENGINE = InnoDB;


-- -----------------------------------------------------
-- Table `sklad`.`водитель`
-- -----------------------------------------------------
CREATE TABLE IF NOT EXISTS `sklad`.`водитель` (
  `id_водитель` INT NOT NULL UNIQUE,
  `сотрудник_id_сотрудник` INT NOT NULL,
  PRIMARY KEY (`id_водитель`, `сотрудник_id_сотрудник`),
  INDEX `fk_водитель_сотрудник1_idx` (`сотрудник_id_сотрудник` ASC) VISIBLE,
  CONSTRAINT `fk_водитель_сотрудник1`
    FOREIGN KEY (`сотрудник_id_сотрудник`)
    REFERENCES `sklad`.`сотрудник` (`id_сотрудник`)
    ON DELETE NO ACTION
    ON UPDATE NO ACTION)
ENGINE = InnoDB;


-- -----------------------------------------------------
-- Table `sklad`.`поставка`
-- -----------------------------------------------------
CREATE TABLE IF NOT EXISTS `sklad`.`поставка` (
  `id_поставка` INT NOT NULL unique,
  `дата отгрузки` DATETIME NOT NULL,
  `дата приёма` DATETIME NULL,
  `поставщик_id_поставщик` INT NOT NULL,
  `принимающий поставку_id_принимающий_поставку` INT NOT NULL,
  `менеджер_id_менеджер` INT NOT NULL,
  `водитель_id_водитель` INT NOT NULL,
  PRIMARY KEY (`id_поставка`, `поставщик_id_поставщик`, `принимающий поставку_id_принимающий_поставку`, `менеджер_id_менеджер`, `водитель_id_водитель`),
  INDEX `fk_поставка_поставщик1_idx` (`поставщик_id_поставщик` ASC) VISIBLE,
  INDEX `fk_поставка_принимающий поставку_idx` (`принимающий поставку_id_принимающий_поставку` ASC) VISIBLE,
  INDEX `fk_поставка_менеджер1_idx` (`менеджер_id_менеджер` ASC) VISIBLE,
  INDEX `fk_поставка_водитель1_idx` (`водитель_id_водитель` ASC) VISIBLE,
  CONSTRAINT `fk_поставка_поставщик1`
    FOREIGN KEY (`поставщик_id_поставщик`)
    REFERENCES `sklad`.`поставщик` (`id_поставщик`)
    ON DELETE NO ACTION
    ON UPDATE NO ACTION,
  CONSTRAINT `fk_поставка_принимающий поставку1`
    FOREIGN KEY (`принимающий поставку_id_принимающий_поставку`)
    REFERENCES `sklad`.`принимающий поставку` (`id_принимающий_поставку`)
    ON DELETE NO ACTION
    ON UPDATE NO ACTION,
  CONSTRAINT `fk_поставка_менеджер1`
    FOREIGN KEY (`менеджер_id_менеджер`)
    REFERENCES `sklad`.`менеджер` (`id_менеджер`)
    ON DELETE NO ACTION
    ON UPDATE NO ACTION,
  CONSTRAINT `fk_поставка_водитель1`
    FOREIGN KEY (`водитель_id_водитель`)
    REFERENCES `sklad`.`водитель` (`id_водитель`)
    ON DELETE NO ACTION
    ON UPDATE NO ACTION)
ENGINE = InnoDB;


-- -----------------------------------------------------
-- Table `sklad`.`комплектовщик ячеек`
-- -----------------------------------------------------
CREATE TABLE IF NOT EXISTS `sklad`.`комплектовщик ячеек` (
  `id_комплектовщик_ячеек` INT NOT NULL UNIQUE,
  `сотрудник_id_сотрудник` INT NOT NULL,
  PRIMARY KEY (`id_комплектовщик_ячеек`, `сотрудник_id_сотрудник`),
  INDEX `fk_комплектовщик ячеек_сотрудник_idx` (`сотрудник_id_сотрудник` ASC) VISIBLE,
  CONSTRAINT `fk_комплектовщик ячеек_сотрудник1`
    FOREIGN KEY (`сотрудник_id_сотрудник`)
    REFERENCES `sklad`.`сотрудник` (`id_сотрудник`)
    ON DELETE NO ACTION
    ON UPDATE NO ACTION)
ENGINE = InnoDB;


-- -----------------------------------------------------
-- Table `mydb`.`товар`
-- -----------------------------------------------------
CREATE TABLE IF NOT EXISTS `sklad`.`товар` (
  `id_товара` INT NOT NULL,
  `марка` VARCHAR(45) NULL,
  `qr-код` VARCHAR(45) NULL,
  `срок_годности` DATE NULL,
  `время_распределения` DATETIME NULL,
  `статус` VARCHAR(45) NULL,
  `ячейка_id_ячейки` INT NOT NULL,
  `поставка_id_поставка` INT NOT NULL,
  `комплектовщик ячеек_id_комплектовщик_ячеек` INT NOT NULL,
  `менеджер_id_менеджер` INT NOT NULL,
  `перечень товаров_id_перечень_товаров` INT NOT NULL,
  UNIQUE INDEX `марка_UNIQUE` (`марка` ASC) VISIBLE,
  UNIQUE INDEX `qr-код_UNIQUE` (`qr-код` ASC) VISIBLE,
  PRIMARY KEY (`id_товара`, `ячейка_id_ячейки`, `поставка_id_поставка`, `комплектовщик ячеек_id_комплектовщик_ячеек`, `менеджер_id_менеджер`, `перечень товаров_id_перечень_товаров`),
  UNIQUE INDEX `id_товара_UNIQUE` (`id_товара` ASC) VISIBLE,
  INDEX `fk_товар_ячейка1_idx` (`ячейка_id_ячейки` ASC) VISIBLE,
  INDEX `fk_товар_поставка1_idx` (`поставка_id_поставка` ASC) VISIBLE,
  INDEX `fk_товар_комплектовщик ячеек1_idx` (`комплектовщик ячеек_id_комплектовщик_ячеек` ASC) VISIBLE,
  INDEX `fk_товар_менеджер1_idx` (`менеджер_id_менеджер` ASC) VISIBLE,
  INDEX `fk_товар_перечень товаров1_idx` (`перечень товаров_id_перечень_товаров` ASC) VISIBLE,
  CONSTRAINT `fk_товар_ячейка1`
    FOREIGN KEY (`ячейка_id_ячейки`)
    REFERENCES `sklad`.`ячейка` (`id_ячейки`)
    ON DELETE NO ACTION
    ON UPDATE NO ACTION,
  CONSTRAINT `fk_товар_поставка1`
    FOREIGN KEY (`поставка_id_поставка`)
    REFERENCES `sklad`.`поставка` (`id_поставка`)
    ON DELETE NO ACTION
    ON UPDATE NO ACTION,
  CONSTRAINT `fk_товар_комплектовщик ячеек1`
    FOREIGN KEY (`комплектовщик ячеек_id_комплектовщик_ячеек`)
    REFERENCES `sklad`.`комплектовщик ячеек` (`id_комплектовщик_ячеек`)
    ON DELETE NO ACTION
    ON UPDATE NO ACTION,
  CONSTRAINT `fk_товар_менеджер1`
    FOREIGN KEY (`менеджер_id_менеджер`)
    REFERENCES `sklad`.`менеджер` (`id_менеджер`)
    ON DELETE NO ACTION
    ON UPDATE NO ACTION,
  CONSTRAINT `fk_товар_перечень товаров1`
    FOREIGN KEY (`перечень товаров_id_перечень_товаров`)
    REFERENCES `sklad`.`перечень товаров` (`id_перечень_товаров`)
    ON DELETE NO ACTION
    ON UPDATE NO ACTION)
ENGINE = InnoDB;



-- -----------------------------------------------------
-- Table `mydb`.`перечень товаров`
-- -----------------------------------------------------
CREATE TABLE IF NOT EXISTS `sklad`.`перечень товаров` (
  `id_перечень_товаров` INT NOT NULL,
  `наименование` VARCHAR(45) NOT NULL,
  `штрих-код` VARCHAR(45) NOT NULL,
  UNIQUE INDEX `штрих-код_UNIQUE` (`штрих-код` ASC) VISIBLE,
  PRIMARY KEY (`id_перечень_товаров`),
  UNIQUE INDEX `id_перечень_товаров_UNIQUE` (`id_перечень_товаров` ASC) VISIBLE)
ENGINE = InnoDB;


-- -----------------------------------------------------
-- Table `sklad`.`клиент`
-- -----------------------------------------------------
CREATE TABLE IF NOT EXISTS `sklad`.`клиент` (
  `id_клиент` INT NOT NULL,
  `фамилия` VARCHAR(45) NOT NULL,
  `имя` VARCHAR(45) NOT NULL,
  `отчество` VARCHAR(45) NOT NULL,
  `номер_телефона` VARCHAR(45) NOT NULL,
  `почта` VARCHAR(45) NOT NULL,
  PRIMARY KEY (`id_клиент`),
  UNIQUE INDEX `id_клиент_UNIQUE` (`id_клиент` ASC) VISIBLE)
ENGINE = InnoDB;


-- -----------------------------------------------------
-- Table `sklad`.`камера_хранения_заказа`
-- -----------------------------------------------------
CREATE TABLE IF NOT EXISTS `sklad`.`камера_хранения_заказа` (
  `id_место_оформления_заказа` INT NOT NULL,
  `название` VARCHAR(45) NOT NULL,
  `статус` VARCHAR(45) NULL,
  PRIMARY KEY (`id_место_оформления_заказа`),
  UNIQUE INDEX `id_место_оформления_заказов_UNIQUE` (`id_место_оформления_заказа` ASC) VISIBLE,
  UNIQUE INDEX `название_UNIQUE` (`название` ASC) VISIBLE)
ENGINE = InnoDB;


-- -----------------------------------------------------
-- Table `sklad`.`проверяющий комплектовку`
-- -----------------------------------------------------
CREATE TABLE IF NOT EXISTS `sklad`.`проверяющий комплектовку` (
  `id_проверяющий_комплектовку` INT NOT NULL UNIQUE,
  `сотрудник_id_сотрудник` INT NOT NULL,
  PRIMARY KEY (`id_проверяющий_комплектовку`, `сотрудник_id_сотрудник`),
  INDEX `fk_проверяющий комплектовку_сотр_idx` (`сотрудник_id_сотрудник` ASC) VISIBLE,
  CONSTRAINT `fk_проверяющий комплектовку_сотру1`
    FOREIGN KEY (`сотрудник_id_сотрудник`)
    REFERENCES `sklad`.`сотрудник` (`id_сотрудник`)
    ON DELETE NO ACTION
    ON UPDATE NO ACTION)
ENGINE = InnoDB;


-- -----------------------------------------------------
-- Table `sklad`.`комплектовщик`
-- -----------------------------------------------------
CREATE TABLE IF NOT EXISTS `sklad`.`комплектовщик` (
  `id_комплектовщик` INT NOT NULL UNIQUE,
  `сотрудник_id_сотрудник` INT NOT NULL,
  PRIMARY KEY (`id_комплектовщик`, `сотрудник_id_сотрудник`),
  INDEX `fk_комплектовщик_сотрудник1_idx` (`сотрудник_id_сотрудник` ASC) VISIBLE,
  CONSTRAINT `fk_комплектовщик_сотрудник1`
    FOREIGN KEY (`сотрудник_id_сотрудник`)
    REFERENCES `sklad`.`сотрудник` (`id_сотрудник`)
    ON DELETE NO ACTION
    ON UPDATE NO ACTION)
ENGINE = InnoDB;


-- -----------------------------------------------------
-- Table `sklad`.`заказ`
-- -----------------------------------------------------
CREATE TABLE IF NOT EXISTS `sklad`.`заказ` (
  `id_заказ` INT NOT NULL,
  `время_на_сборку` DATETIME NOT NULL,
  `время_сборки` DATETIME NULL,
  `время_проверки` DATETIME NULL,
  `время_отправки` DATETIME NULL,
  `статус` VARCHAR(45) NULL,
  `клиент_id_клиент` INT NOT NULL,
  `менеджер_id_менеджер` INT NOT NULL,
  `камера_хранения_заказа_id_место_оформления_заказа` INT NOT NULL,
  `проверяющий комплектовку_id_проверяющий_комплектовку` INT NOT NULL,
  `комплектовщик_id_комплектовщик` INT NOT NULL,
  PRIMARY KEY (`id_заказ`, `камера_хранения_заказа_id_место_оформления_заказа`, `клиент_id_клиент`, `менеджер_id_менеджер`, `проверяющий комплектовку_id_проверяющий_комплектовку`, `комплектовщик_id_комплектовщик`),
  UNIQUE INDEX `id_заказ_UNIQUE` (`id_заказ` ASC) VISIBLE,
  INDEX `fk_заказ_менеджер1_idx` (`менеджер_id_менеджер` ASC) VISIBLE,
  INDEX `fk_заказ_клиент1_idx` (`клиент_id_клиент` ASC) VISIBLE,
  INDEX `fk_заказ_камера_хранения_заказа1_idx` (`камера_хранения_заказа_id_место_оформления_заказа` ASC) VISIBLE,
  INDEX `fk_заказ_проверяющий комплектовк_idx` (`проверяющий комплектовку_id_проверяющий_комплектовку` ASC) VISIBLE,
  INDEX `fk_заказ_комплектовщик1_idx` (`комплектовщик_id_комплектовщик` ASC) VISIBLE,
  CONSTRAINT `fk_заказ_менеджер1`
    FOREIGN KEY (`менеджер_id_менеджер`)
    REFERENCES `sklad`.`менеджер` (`id_менеджер`)
    ON DELETE NO ACTION
    ON UPDATE NO ACTION,
  CONSTRAINT `fk_заказ_клиент1`
    FOREIGN KEY (`клиент_id_клиент`)
    REFERENCES `sklad`.`клиент` (`id_клиент`)
    ON DELETE NO ACTION
    ON UPDATE NO ACTION,
  CONSTRAINT `fk_заказ_камера_хранения_заказа1`
    FOREIGN KEY (`камера_хранения_заказа_id_место_оформления_заказа`)
    REFERENCES `sklad`.`камера_хранения_заказа` (`id_место_оформления_заказа`)
    ON DELETE NO ACTION
    ON UPDATE NO ACTION,
  CONSTRAINT `fk_заказ_проверяющий комплектовку1`
    FOREIGN KEY (`проверяющий комплектовку_id_проверяющий_комплектовку`)
    REFERENCES `sklad`.`проверяющий комплектовку` (`id_проверяющий_комплектовку`)
    ON DELETE NO ACTION
    ON UPDATE NO ACTION,
  CONSTRAINT `fk_заказ_комплектовщик1`
    FOREIGN KEY (`комплектовщик_id_комплектовщик`)
    REFERENCES `sklad`.`комплектовщик` (`id_комплектовщик`)
    ON DELETE NO ACTION
    ON UPDATE NO ACTION)
ENGINE = InnoDB;


-- -----------------------------------------------------
-- Table `sklad`.`товары в заказе`
-- -----------------------------------------------------
CREATE TABLE IF NOT EXISTS `sklad`.`товары в заказе` (
  `id_товары_в_заказе` INT NOT NULL,
  `товар_id_товара` INT NOT NULL unique,
  `статус` VARCHAR(45) NULL,
  `заказ_id_заказ` INT NOT NULL,
  PRIMARY KEY (`id_товары_в_заказе`, `заказ_id_заказ`, `товар_id_товара`),
  UNIQUE INDEX `id_товары_в_заказе_UNIQUE` (`id_товары_в_заказе` ASC) VISIBLE,
  INDEX `fk_товары в заказе_товар1_idx` (`товар_id_товара` ASC) VISIBLE,
  UNIQUE INDEX `товар_id_товара_UNIQUE` (`товар_id_товара` ASC) VISIBLE,
  INDEX `fk_товары в заказе_заказ1_idx` (`заказ_id_заказ` ASC) VISIBLE,
  CONSTRAINT `fk_товары в заказе_товар1`
    FOREIGN KEY (`товар_id_товара`)
    REFERENCES `sklad`.`товар` (`id_товара`)
    ON DELETE NO ACTION
    ON UPDATE NO ACTION,
  CONSTRAINT `fk_товары в заказе_заказ1`
    FOREIGN KEY (`заказ_id_заказ`)
    REFERENCES `sklad`.`заказ` (`id_заказ`)
    ON DELETE NO ACTION
    ON UPDATE NO ACTION)
ENGINE = InnoDB;


SET SQL_MODE=@OLD_SQL_MODE;
SET FOREIGN_KEY_CHECKS=@OLD_FOREIGN_KEY_CHECKS;
SET UNIQUE_CHECKS=@OLD_UNIQUE_CHECKS;

insert into ячейка(id_ячейки,наименование,статус) values (1,"1-1-1","заблокирована"),(2,"1-1-2","свободна"),(3,"1-2-1","свободна"),(4,"1-2-2","свободна"),(5,"1-3-1","свободна"),(6,"1-3-2","свободна"),(7,"1-4-1","свободна"),(8,"1-4-2","свободна"),(9,"1-5-1","свободна"),(10,"1-5-2","свободна"),(11,"1-6-1","свободна"),(12,"1-6-2","свободна"),(13,"1-7-1","свободна"),(14,"1-7-2","свободна"),(15,"1-8-1","свободна"),(16,"1-8-2","свободна"),(17,"1-9-1","свободна"),(18,"1-9-2","свободна"),(19,"1-10-1","свободна"),(20,"1-10-2","свободна"),(21,"1-11-1","свободна"),(22,"1-11-2","свободна"),(23,"1-12-1","свободна"),(24,"1-12-2","свободна"),(25,"1-13-1","свободна"),(26,"1-13-2","свободна"),(27,"1-14-1","свободна"),(28,"1-14-2","свободна"),(29,"1-15-1","свободна"),(30,"1-15-2","свободна"),(31,"1-16-1","свободна"),(32,"1-16-2","свободна"),(33,"1-17-1","свободна"),(34,"1-17-2","свободна"),(35,"1-18-1","свободна"),(36,"1-18-2","свободна"),(37,"1-19-1","свободна"),(38,"1-19-2","свободна"),(39,"1-20-1","свободна"),(40,"1-20-2","свободна"),(41,"2-1-1","свободна"),(42,"2-1-2","свободна"),(43,"2-2-1","свободна"),(44,"2-2-2","свободна"),(45,"2-3-1","свободна"),(46,"2-3-2","свободна"),(47,"2-4-1","свободна"),(48,"2-4-2","свободна"),(49,"2-5-1","свободна"),(50,"2-5-2","свободна"),(51,"2-6-1","свободна"),(52,"2-6-2","свободна"),(53,"2-7-1","свободна"),(54,"2-7-2","свободна"),(55,"2-8-1","свободна"),(56,"2-8-2","свободна"),(57,"2-9-1","свободна"),(58,"2-9-2","свободна"),(59,"2-10-1","свободна"),(60,"2-10-2","свободна"),(61,"2-11-1","свободна"),(62,"2-11-2","свободна"),(63,"2-12-1","свободна"),(64,"2-12-2","свободна"),(65,"2-13-1","свободна"),(66,"2-13-2","свободна"),(67,"2-14-1","свободна"),(68,"2-14-2","свободна"),(69,"2-15-1","свободна"),(70,"2-15-2","свободна"),(71,"2-16-1","свободна"),(72,"2-16-2","свободна"),(73,"2-17-1","свободна"),(74,"2-17-2","свободна"),(75,"2-18-1","свободна"),(76,"2-18-2","свободна"),(77,"2-19-1","свободна"),(78,"2-19-2","свободна"),(79,"2-20-1","свободна"),(80,"2-20-2","свободна"),(81,"3-1-1","свободна"),(82,"3-1-2","свободна"),(83,"3-2-1","свободна"),(84,"3-2-2","свободна"),(85,"3-3-1","свободна"),(86,"3-3-2","свободна"),(87,"3-4-1","свободна"),(88,"3-4-2","свободна"),(89,"3-5-1","свободна"),(90,"3-5-2","свободна"),(91,"3-6-1","свободна"),(92,"3-6-2","свободна"),(93,"3-7-1","свободна"),(94,"3-7-2","свободна"),(95,"3-8-1","свободна"),(96,"3-8-2","свободна"),(97,"3-9-1","свободна"),(98,"3-9-2","свободна"),(99,"3-10-1","свободна"),(100,"3-10-2","свободна"),(101,"3-11-1","свободна"),(102,"3-11-2","свободна"),(103,"3-12-1","свободна"),(104,"3-12-2","свободна"),(105,"3-13-1","свободна"),(106,"3-13-2","свободна"),(107,"3-14-1","свободна"),(108,"3-14-2","свободна"),(109,"3-15-1","свободна"),(110,"3-15-2","свободна"),(111,"3-16-1","свободна"),(112,"3-16-2","свободна"),(113,"3-17-1","свободна"),(114,"3-17-2","свободна"),(115,"3-18-1","свободна"),(116,"3-18-2","свободна"),(117,"3-19-1","свободна"),(118,"3-19-2","свободна"),(119,"3-20-1","свободна"),(120,"3-20-2","свободна");
INSERT INTO клиент(id_клиент, фамилия, имя, отчество, номер_телефона, почта) VALUES
(1, 'Иванов', 'Иван', 'Иванович', '+79161234567', 'ivanov@mail.ru'),
(2, 'Петров', 'Петр', 'Петрович', '+79261234568', 'petrov@mail.ru'),
(3, 'Сидоров', 'Алексей', 'Алексеевич', '+79151234569', 'sidorov@mail.ru'),
(4, 'Кузнецов', 'Дмитрий', 'Сергеевич', '+79161234570', 'kuznetsov@mail.ru'),
(5, 'Смирнова', 'Анна', 'Владимировна', '+79181234571', 'smirnova@mail.ru'),
(6, 'Федорова', 'Екатерина', 'Алексеевна', '+79161234572', 'fedorova@mail.ru'),
(7, 'Васильев', 'Олег', 'Михайлович', '+79191234573', 'vasilyev@mail.ru'),
(8, 'Павлова', 'Мария', 'Андреевна', '+79261234574', 'pavlova@mail.ru'),
(9, 'Морозов', 'Константин', 'Владимирович', '+79181234575', 'morozov@mail.ru'),
(10, 'Лебедева', 'Светлана', 'Ивановна', '+79151234576', 'lebedeva@mail.ru');



INSERT INTO сотрудник(id_сотрудник, логин, пароль, пол, год_рождения, специальность, фамилия, имя, отчество, уровень_доступа, статус) VALUES
(1, 'driver1', 'pass123', 'м', '1985-03-28', 'водитель', 'Козлов', 'Сергей', 'Иванович', 0, 'в работе'),
(2, 'driver2', 'pass124', 'м', '1990-01-28', 'водитель', 'Лазарев', 'Андрей', 'Петрович', 0, 'в работе'),
(3, 'driver3', 'pass125', 'м', '1987-03-18', 'водитель', 'Миронов', 'Владимир', 'Иванович', 0, 'отдых'),
(4, 'receiver1', 'pass126', 'ж', '1992-11-14', 'принимающий поставку', 'Павлова', 'Мария', 'Андреевна', 0, 'в работе'),
(5, 'receiver2', 'pass127', 'ж', '1995-06-28', 'принимающий поставку', 'Фомина', 'Анна', 'Дмитриевна', 0, 'отсутствует'),
(6, 'receiver3', 'pass128', 'м', '1989-07-27', 'принимающий поставку', 'Борисов', 'Максим', 'Александрович', 0, 'в работе'),
(7, 'cellpacker1', 'pass129', 'м', '1993-01-01', 'комплектовщик ячеек', 'Кудряшов', 'Алексей', 'Васильевич', 0, 'в работе'),
(8, 'cellpacker2', 'pass130', 'ж', '1991-06-28', 'комплектовщик ячеек', 'Белова', 'Елена', 'Алексеевна', 0, 'уволен'),
(9, 'cellpacker3', 'pass131', 'м', '1990-03-11', 'комплектовщик ячеек', 'Смирнов', 'Николай', 'Иванович', 0, 'в работе'),
(10, 'cellpacker4', 'pass132', 'ж', '1994-02-11', 'комплектовщик ячеек', 'Тимофеева', 'Ольга', 'Ивановна', 0, 'отдых'),
(11, 'cellpacker5', 'pass133', 'м', '1988-12-28', 'комплектовщик ячеек', 'Егоров', 'Артем', 'Васильевич', 0, 'в работе'),
(12, 'cellpacker6', 'pass134', 'ж', '1987-11-16', 'комплектовщик ячеек', 'Иванова', 'Татьяна', 'Сергеевна', 0, 'уволен'),
(13, 'cellpacker7', 'pass135', 'м', '1996-04-23', 'комплектовщик ячеек', 'Кириллов', 'Дмитрий', 'Андреевич', 0, 'отсутствует'),
(14, 'cellpacker8', 'pass136', 'ж', '1990-01-28', 'комплектовщик ячеек', 'Никитина', 'Юлия', 'Алексеевна', 0, 'в работе'),
(15, 'cellpacker9', 'pass137', 'м', '1995-01-28', 'комплектовщик ячеек', 'Соколова', 'Александр', 'Петрович', 0, 'отдых'),
(16, 'cellpacker10', 'pass138', 'ж', '1991-01-01', 'комплектовщик ячеек', 'Кузнецова', 'Виктория', 'Александровна', 0, 'уволен'),
(17, 'manager1', 'pass139', 'ж', '1985-11-28', 'менеджер', 'Морозова', 'Светлана', 'Игоревна', 1, 'в работе'),
(18, 'manager2', 'pass140', 'м', '1988-03-17', 'менеджер', 'Волков', 'Алексей', 'Николаевич', 1, 'отсутствует'),
(19, 'packer1', 'pass141', 'ж', '1993-04-03', 'комплектовщик', 'Лебедева', 'Марина', 'Павловна', 0, 'в работе'),
(20, 'packer2', 'pass142', 'м', '1992-04-05', 'комплектовщик', 'Крылов', 'Григорий', 'Иванович', 0, 'уволен'),
(21, 'packer3', 'pass143', 'ж', '1991-03-28', 'комплектовщик', 'Григорьева', 'Анастасия', 'Викторовна', 0, 'отдых'),
(22, 'packer4', 'pass144', 'м', '1987-02-02', 'комплектовщик', 'Богданов', 'Сергей', 'Алексеевич', 0, 'в работе'),
(23, 'packer5', 'pass145', 'ж', '1989-03-28', 'комплектовщик', 'Кириллова', 'Татьяна', 'Игоревна', 0, 'отдых'),
(24, 'packer6', 'pass146', 'м', '1990-03-28', 'комплектовщик', 'Воронов', 'Константин', 'Михайлович', 0, 'в работе'),
(25, 'packer7', 'pass147', 'ж', '1992-03-28', 'комплектовщик', 'Романова', 'Марина', 'Алексеевна', 0, 'уволен'),
(26, 'packer8', 'pass148', 'м', '1993-03-28', 'комплектовщик', 'Ефремов', 'Антон', 'Андреевич', 0, 'отсутствует'),
(27, 'packer9', 'pass149', 'ж', '1988-03-28', 'проверяющий комплектовку', 'Медведева', 'Ольга', 'Владимировна', 0, 'в работе'),
(28, 'packer10', 'pass150', 'м', '1991-03-28', 'проверяющий комплектовку', 'Мартынов', 'Денис', 'Сергеевич', 0, 'отдых'),
(29, 'verifier1', 'pass151', 'м', '1986-03-28', 'проверяющий комплектовку', 'Захаров', 'Павел', 'Игоревич', 0, 'в работе'),
(30, 'verifier2', 'pass152', 'ж', '1989-03-21', 'проверяющий комплектовку', 'Кудряшова', 'Екатерина','Игоревна',0,"в работе");

INSERT INTO поставщик(id_поставщик, название_организации, адрес, номер_телефона) VALUES
(1, 'ООО «ТехноПоставка»', 'Москва, ул. Ленина, д. 15', '+74951234567'),
(2, 'ЗАО «ПромКомплект»', 'Санкт-Петербург, пр. Невский, д. 25', '+78121234568');


INSERT INTO камера_хранения_заказа(id_место_оформления_заказа,название,статус) VALUES (1,"WS-1-1", "свободна"),(2,"WS-1-2", "свободна"),(3,"WS-1-3", "заблокирована"),(4,"WS-1-4", "свободна"),(5,"WS-1-5", "свободна"),(6,"WS-1-6", "свободна"),(7,"WS-1-7", "свободна"),(8,"WS-1-8", "свободна"),(9,"WS-1-9", "свободна"),(10,"WS-1-10", "свободна"),(11,"WS-1-11", "свободна"),(12,"WS-1-12", "свободна"),(13,"WS-1-13", "свободна"),(14,"WS-1-14", "свободна"),(15,"WS-1-15", "свободна"),(16,"WS-1-16", "свободна"),(17,"WS-1-17", "свободна"),(18,"WS-1-18", "свободна"),(19,"WS-1-19", "свободна"),(20,"WS-1-20", "свободна"),(21,"WS-2-1", "свободна"),(22,"WS-2-2", "свободна"),(23,"WS-2-3", "свободна"),(24,"WS-2-4", "свободна"),(25,"WS-2-5", "свободна"),(26,"WS-2-6", "свободна"),(27,"WS-2-7", "свободна"),(28,"WS-2-8", "свободна"),(29,"WS-2-9", "свободна"),(30,"WS-2-10", "свободна"),(31,"WS-2-11", "свободна"),(32,"WS-2-12", "свободна"),(33,"WS-2-13", "свободна"),(34,"WS-2-14", "свободна"),(35,"WS-2-15", "свободна"),(36,"WS-2-16", "свободна"),(37,"WS-2-17", "свободна"),(38,"WS-2-18", "свободна"),(39,"WS-2-19", "свободна"),(40,"WS-2-20", "свободна"),(41,"WS-3-1", "свободна"),(42,"WS-3-2", "свободна"),(43,"WS-3-3", "свободна"),(44,"WS-3-4", "свободна"),(45,"WS-3-5", "свободна"),(46,"WS-3-6", "свободна"),(47,"WS-3-7", "свободна"),(48,"WS-3-8", "свободна"),(49,"WS-3-9", "свободна"),(50,"WS-3-10", "свободна"),(51,"WS-3-11", "свободна"),(52,"WS-3-12", "свободна"),(53,"WS-3-13", "свободна"),(54,"WS-3-14", "свободна"),(55,"WS-3-15", "свободна"),(56,"WS-3-16", "свободна"),(57,"WS-3-17", "свободна"),(58,"WS-3-18", "свободна"),(59,"WS-3-19", "свободна"),(60,"WS-3-20", "свободна");


INSERT INTO водитель(id_водитель, сотрудник_id_сотрудник) values (1,1),(2,2),(3,3);
INSERT INTO `принимающий поставку`(id_принимающий_поставку, сотрудник_id_сотрудник) values (1,4),(2,5),(3,6);
insert into `комплектовщик ячеек`(id_комплектовщик_ячеек, сотрудник_id_сотрудник) values (1,7),(2,8),(3,9),(4,10),(5,11),(6,12),(7,13),(8,14),(9,15),(10,16);
insert into менеджер(id_менеджер, сотрудник_id_сотрудник) values (1,17),(2,18);
insert into комплектовщик(id_комплектовщик, сотрудник_id_сотрудник) values (1,19),(2,20),(3,21),(4,22),(5,23),(6,24),(7,25),(8,26);
insert into `проверяющий комплектовку`(id_проверяющий_комплектовку, сотрудник_id_сотрудник) values (1,27),(2,28),(3,29),(4,30);

INSERT INTO `перечень товаров` (id_перечень_товаров, наименование, `штрих-код`)
VALUES
(1, 'Молоко', '5901234567890'),
(2, 'Хлеб', '3409876543210'),
(3, 'Яйца', '1234567890123'),
(4, 'Масло', '8765432109876'),
(5, 'Сахар', '6543210987654'),
(6, 'Чай', '2109876543210'),
(7, 'Кофе', '9876543210987'),
(8, 'Мука', '4321098765432'),
(9, 'Рис', '8765432101234'),
(10, 'Картошка', '1098765432109'),
(11, 'Морковь', '5432109876543'),
(12, 'Лук', '7654321098765'),
(13, 'Помидоры', '3210987654321'),
(14, 'Огурцы', '6540210987654'),
(15, 'Соль', '9876503210987'),
(16, 'Перец', '2109876543211'),
(17, 'Капуста', '8765432109999'),
(18, 'Свекла', '4321098765555'),
(19, 'Рыба', '0987654321222'),
(20, 'Мясо', '6543210999999'),
(21, 'Курица', '2109876543220'),
(22, 'Свинина', '8765432109888'),
(23, 'Говядина', '43210987777770'),
(24, 'Картофель фри', '1098765432110'),
(25, 'Пельмени', '5432109888888'),
(26, 'Пицца', '7654321098777'),
(27, 'Шоколад', '3210987666666'),
(28, 'Печенье', '6543210999988'),
(29, 'Чипсы', '9876543222222'),
(30, 'Сок', '2109896543222'),
(31, 'Вода', '8765432111111'),
(32, 'Лимонад', '4321098778888'),
(33, 'Футболка', '3456789011111'),
(34, 'Джинсы', '9876543223333'),
(35, 'Куртка', '1234567894444'),
(36, 'Пальто', '8765432115555'),
(37, 'Платье', '4321098777777'),
(38, 'Шорты', '2109876555555'),
(39, 'Рубашка', '7654321100000'),
(40, 'Блузка', '5432110000000'),
(41, 'Костюм', '1098765444444'),
(42, 'Юбка', '6543210111111'),
(43, 'Пиджак', '3210987667777'),
(44, 'Брюки', '0987654333333'),
(45, 'Свитер', '4321100000999'),
(46, 'Туфли', '8765432116666'),
(47, 'Кроссовки', '2109876556666'),
(48, 'Сапоги', '6543210111222'),
(49, 'Носки', '9876543222111'),
(50, 'Шапка', '3456789022222'),
(51, 'Перчатки', '7654321113333'),
(52, 'Шарф', '5432111222222'),
(53, 'Кукла', '1234567895555'),
(54, 'Мяч', '9876543233333'),
(55, 'Конструктор', '3456789033333'),
(56, 'Машинка', '8765432122222'),
(57, 'Железная дорога', '4321100011111'),
(58, 'Плюшевый мишка', '2109876566666'),
(59, 'Пазл', '6543210122222'),
(60, 'Настольная игра', '7654321114444'),
(61, 'Робот', '5432111233333'),
(62, 'Игрушечная кухня', '1098765455555'),
(63, 'Кубики', '0987654344444'),
(64, 'Игрушечное оружие', '3210987777777'),
(65, 'Пластилин', '8765432123333'),
(66, 'Мягкая игрушка', '6543210123333'),
(67, 'Игровой набор', '9876543234444'),
(68, 'Фигурки героев', '4321100012222');

INSERT INTO поставка(id_поставка,`дата отгрузки`,`дата приёма`,`поставщик_id_поставщик`,`принимающий поставку_id_принимающий_поставку`,`менеджер_id_менеджер`,`водитель_id_водитель`) values
(1,'2024-09-19', '2024-09-25', 1,1,1,1),
(2,'2024-09-21', '2024-09-24', 1,2,1,2),
(3,'2024-09-23', '2024-09-25', 2,2,1,3),
(4,'2024-09-11', '2024-09-14', 2,1,2,3);

INSERT INTO заказ (`id_заказ`, `время_на_сборку`, `время_сборки`, `время_проверки`, `время_отправки`, `статус`, `клиент_id_клиент`, `менеджер_id_менеджер`, `камера_хранения_заказа_id_место_оформления_заказа`, `проверяющий комплектовку_id_проверяющий_комплектовку`, `комплектовщик_id_комплектовщик`) VALUES
(1, '2024-09-27 16:00:00', '2024-09-27 15:23:01', '2024-09-27 15:43:45', '2024-09-27 15:56:12', 'отправлен', 1, 1, 1, 1, 1),
(2, '2024-09-27 18:00:00', '2024-09-27 17:23:01', '2024-09-27 17:43:45', '2024-09-27 17:56:12', 'отправлен', 2, 1, 1, 1, 1),
(3, '2024-09-27 20:00:00', '2024-09-27 18:23:01', '2024-09-27 18:43:45', '2024-09-27 18:53:55', 'отправлен', 3, 1, 5, 1, 1);


INSERT INTO `товар`(`id_товара`,`марка`,`qr-код`,`срок_годности`,`время_распределения`, `статус`,`ячейка_id_ячейки`,`поставка_id_поставка`,`комплектовщик ячеек_id_комплектовщик_ячеек`,`менеджер_id_менеджер`,`перечень товаров_id_перечень_товаров`) VALUES
(1,Null,Null,Null,"2024-04-23 18:52:30",'собран',27,1,8,1,51),
(2,Null,Null,"2025-07-11","2024-04-23 17:34:45",'собран',117,3,8,2,41),
(3,Null,Null,Null,"2024-07-22 10:38:48",'собран',78,2,3,2,57),
(4,Null,Null,"2025-08-19","2024-03-11 20:45:17",'свободен',55,2,3,2,52),
(5,Null,Null,Null,"2024-06-16 9:32:44",'свободен',104,1,2,1,38),
(6,Null,Null,"2025-02-13","2024-08-15 19:48:28",'свободен',29,3,4,1,51),
(7,Null,Null,Null,"2024-09-25 9:39:44",'свободен',108,4,6,1,7),
(8,Null,Null,"2025-04-14","2024-01-15 20:38:56",'свободен',56,3,6,2,43),
(9,Null,Null,"2025-08-15","2024-03-25 16:59:40",'свободен',64,1,10,2,12),
(10,Null,Null,Null,"2024-02-28 15:21:41",'свободен',53,2,3,1,31),
(11,Null,Null,"2025-01-12","2024-09-11 12:38:36",'собран',17,2,10,2,6),
(12,Null,Null,Null,"2024-03-13 18:20:26",'свободен',6,4,2,2,8),
(13,Null,Null,"2025-08-28","2024-03-14 9:44:30",'свободен',93,2,4,2,37),
(14,Null,Null,Null,"2024-01-10 13:59:38",'свободен',44,3,3,1,18),
(15,Null,Null,Null,"2024-07-27 18:57:57",'свободен',116,3,8,2,20),
(16,Null,Null,Null,"2024-04-11 19:20:45",'свободен',54,4,5,1,11),
(17,Null,Null,"2025-09-28","2024-03-25 17:38:17",'свободен',86,1,1,2,45),
(18,Null,Null,"2025-01-25","2024-02-14 16:46:28",'свободен',27,1,9,2,22),
(19,Null,Null,"2025-09-25","2024-03-21 11:17:31",'свободен',28,3,8,2,9),
(20,Null,Null,Null,"2024-08-22 9:24:47",'свободен',34,3,5,1,37),
(21,Null,Null,Null,"2024-07-10 17:40:26",'свободен',108,4,2,1,25),
(22,Null,Null,Null,"2024-01-11 18:28:57",'свободен',33,3,2,1,39),
(23,Null,Null,Null,"2024-01-15 10:27:39",'свободен',81,1,3,1,7),
(24,Null,Null,"2025-01-14","2024-09-18 14:46:15",'свободен',3,2,4,1,27),
(25,"129842230404",Null,"2025-05-14","2024-07-25 11:26:54",'собран',14,1,7,2,53),
(26,Null,Null,"2025-09-20","2024-03-17 11:19:39",'свободен',50,4,2,1,36),
(27,Null,Null,Null,"2024-08-13 13:22:28",'свободен',21,3,9,2,23),
(28,Null,Null,"2025-04-19","2024-05-15 10:41:59",'свободен',10,4,10,1,67),
(29,Null,Null,"2025-07-28","2024-06-20 13:29:45",'свободен',14,4,1,2,13),
(30,Null,Null,Null,"2024-07-15 10:14:19",'свободен',63,4,1,2,63),
(31,Null,Null,"2025-06-13","2024-06-26 12:54:40",'свободен',54,2,5,2,34),
(32,Null,Null,"2025-06-19","2024-06-26 11:51:24",'собран',35,3,4,2,27),
(33,Null,Null,Null,"2024-01-28 18:46:38",'свободен',59,1,2,1,12),
(34,Null,Null,Null,"2024-06-11 9:13:46",'собран',45,4,1,1,34),
(35,Null,"129842257069",Null,"2024-07-11 17:15:34",'свободен',6,1,1,2,6),
(36,Null,Null,"2025-06-28","2024-08-22 19:31:35",'свободен',17,3,1,1,38),
(37,Null,Null,"2025-04-18","2024-07-23 12:37:47",'свободен',82,3,5,2,8),
(38,Null,Null,Null,"2024-06-19 18:57:43",'свободен',28,1,5,2,46),
(39,Null,Null,Null,"2024-06-25 17:59:28",'свободен',85,1,3,1,12),
(40,Null,Null,"2025-08-15","2024-04-17 14:45:32",'свободен',91,4,4,1,56),
(41,Null,Null,"2025-06-23","2024-05-10 17:16:30",'свободен',104,4,4,2,56),
(42,Null,Null,"2025-03-28","2024-07-19 11:46:12",'свободен',14,4,2,2,22),
(43,Null,Null,"2025-02-13","2024-09-15 20:37:38",'свободен',97,2,3,1,22),
(44,Null,Null,"2025-06-16","2024-03-11 14:22:22",'свободен',47,4,7,1,41),
(45,Null,Null,Null,"2024-01-11 12:28:35",'свободен',110,3,2,2,5),
(46,Null,Null,"2025-04-27","2024-06-22 15:53:55",'свободен',79,1,3,1,63),
(47,Null,Null,Null,"2024-03-13 20:24:11",'свободен',107,2,9,1,14),
(48,Null,Null,Null,"2024-01-21 18:33:45",'свободен',110,1,4,1,58),
(49,Null,Null,"2025-04-19","2024-06-16 13:56:10",'свободен',51,4,3,1,57),
(50,Null,Null,Null,"2024-01-19 17:52:45",'свободен',88,4,9,1,2),
(51,Null,"129842299916",Null,"2024-06-22 18:13:14",'свободен',58,1,6,1,67),
(52,Null,Null,"2025-06-19","2024-03-12 16:40:42",'свободен',108,4,2,2,56),
(53,Null,Null,"2025-09-19","2024-07-11 14:18:26",'собран',22,4,2,2,5),
(54,Null,Null,"2025-07-19","2024-03-11 17:29:58",'свободен',18,1,2,2,47),
(55,Null,Null,Null,"2024-01-21 16:42:52",'свободен',70,4,4,2,30),
(56,Null,Null,"2025-06-17","2024-07-12 19:58:18",'свободен',16,3,2,2,36),
(57,Null,Null,"2025-03-14","2024-02-13 19:42:52",'свободен',14,4,7,2,63),
(58,Null,Null,"2025-08-10","2024-09-23 13:46:25",'свободен',96,4,6,1,25),
(59,Null,Null,"2025-05-13","2024-01-22 11:15:16",'свободен',104,3,1,1,22),
(60,Null,Null,"2025-08-14","2024-03-24 16:24:55",'свободен',76,1,2,2,68),
(61,Null,Null,Null,"2024-06-19 10:33:57",'свободен',9,2,5,2,59),
(62,Null,Null,"2025-06-25","2024-06-24 12:48:21",'свободен',51,1,4,2,15),
(63,Null,Null,Null,"2024-04-21 9:22:58",'свободен',23,1,3,1,52),
(64,Null,Null,Null,"2024-02-15 11:54:20",'свободен',35,1,8,1,5),
(65,Null,Null,Null,"2024-05-17 15:43:20",'свободен',75,2,6,1,7),
(66,Null,Null,Null,"2024-05-13 11:41:23",'свободен',38,4,10,1,52),
(67,Null,Null,"2025-06-18","2024-03-18 10:22:19",'свободен',106,4,10,1,63),
(68,"129842344369",Null,"2025-07-22","2024-06-19 13:41:17",'свободен',48,4,1,2,40),
(69,Null,Null,Null,"2024-07-10 19:28:21",'свободен',44,3,7,2,17),
(70,Null,Null,"2025-04-28","2024-02-11 14:36:26",'свободен',8,2,5,1,27),
(71,Null,Null,"2025-06-11","2024-03-19 20:40:28",'свободен',8,2,3,1,15),
(72,Null,"129842354520",Null,"2024-03-21 18:17:16",'свободен',32,3,1,1,13),
(73,Null,Null,Null,"2024-06-18 12:42:43",'свободен',42,3,10,2,43),
(74,Null,Null,"2025-03-22","2024-07-19 15:41:59",'свободен',95,2,10,2,39),
(75,Null,Null,"2025-04-18","2024-01-24 15:24:25",'свободен',61,3,7,2,34),
(76,"129842366439",Null,"2025-05-17","2024-08-22 14:30:22",'свободен',118,4,3,1,61),
(77,Null,Null,"2025-04-12","2024-07-14 15:44:19",'свободен',95,4,6,2,21),
(78,Null,Null,"2025-04-22","2024-08-21 19:57:33",'свободен',112,2,8,1,18),
(79,Null,Null,Null,"2024-02-23 19:40:45",'свободен',75,1,2,1,19),
(80,Null,Null,"2025-08-13","2024-05-24 14:44:19",'свободен',102,4,5,2,34),
(81,Null,"129842380236",Null,"2024-04-15 14:49:28",'свободен',7,3,7,1,21),
(82,Null,Null,Null,"2024-03-16 16:34:59",'свободен',112,2,10,2,31),
(83,Null,Null,Null,"2024-02-26 19:14:17",'свободен',87,1,1,1,14),
(84,Null,Null,Null,"2024-02-19 19:20:28",'свободен',43,4,4,2,27),
(85,Null,Null,Null,"2024-05-27 12:38:24",'свободен',112,4,5,2,53),
(86,Null,Null,Null,"2024-06-17 14:51:19",'свободен',120,4,3,2,37),
(87,Null,Null,"2025-09-12","2024-06-15 16:35:57",'свободен',27,1,2,2,38),
(88,Null,Null,Null,"2024-04-24 16:14:23",'свободен',89,1,9,1,26),
(89,Null,Null,"2025-01-14","2024-07-13 17:26:56",'свободен',25,3,6,1,42),
(90,Null,Null,Null,"2024-02-12 14:35:52",'свободен',26,1,10,1,24),
(91,Null,Null,Null,"2024-09-17 9:56:35",'свободен',68,4,2,1,20),
(92,Null,"129842412574",Null,"2024-09-16 16:29:13",'свободен',62,1,9,2,56),
(93,Null,Null,"2025-06-20","2024-05-20 11:48:12",'свободен',72,3,10,2,53),
(94,Null,Null,"2025-05-10","2024-03-27 12:31:41",'свободен',110,2,10,2,6),
(95,Null,Null,Null,"2024-02-22 18:26:42",'свободен',49,2,6,2,21),
(96,Null,Null,"2025-07-17","2024-08-24 20:19:31",'свободен',28,4,5,1,10),
(97,Null,Null,Null,"2024-04-16 16:47:28",'свободен',18,1,8,2,6),
(98,Null,Null,Null,"2024-03-16 13:40:50",'свободен',2,3,5,1,1),
(99,Null,"129842432942",Null,"2024-08-20 20:28:30",'свободен',22,3,6,1,33),
(100,Null,Null,"2025-06-21","2024-08-18 14:37:15",'свободен',56,2,1,2,39),
(101,Null,Null,"2025-08-28","2024-07-10 19:20:15",'свободен',17,4,7,1,21),
(102,Null,Null,"2025-01-15","2024-09-14 13:58:25",'свободен',109,2,6,1,60),
(103,"129842441977",Null,"2025-08-19","2024-04-15 16:41:50",'свободен',47,1,4,1,53),
(104,Null,"129842444712",Null,"2024-01-26 18:40:12",'свободен',88,2,7,1,48),
(105,Null,Null,"2025-07-14","2024-04-11 19:25:59",'свободен',88,4,3,1,29),
(106,Null,Null,Null,"2024-03-19 18:51:32",'свободен',108,3,6,2,63),
(107,Null,Null,"2025-05-26","2024-04-20 12:42:41",'свободен',14,2,2,1,50),
(108,Null,Null,Null,"2024-01-15 18:32:53",'свободен',19,2,1,1,44),
(109,Null,Null,Null,"2024-01-12 15:37:27",'свободен',53,4,3,2,22),
(110,"129842462285",Null,"2025-06-10","2024-02-22 17:57:46",'свободен',17,2,10,2,52),
(111,Null,Null,"2025-07-15","2024-08-13 14:33:49",'свободен',16,4,7,1,6),
(112,Null,Null,Null,"2024-06-28 11:54:21",'свободен',17,1,5,2,18),
(113,Null,Null,"2025-03-22","2024-08-19 19:24:48",'свободен',88,1,7,1,18),
(114,Null,Null,"2025-03-10","2024-07-24 16:55:52",'свободен',24,3,1,2,15),
(115,Null,Null,"2025-02-28","2024-02-23 12:31:39",'свободен',6,4,2,2,68),
(116,Null,Null,"2025-08-12","2024-08-22 12:31:29",'свободен',60,1,6,1,19),
(117,Null,Null,Null,"2024-01-17 17:16:18",'свободен',44,4,7,1,2),
(118,Null,Null,"2025-04-18","2024-04-27 9:28:40",'свободен',60,3,3,1,46),
(119,Null,Null,"2025-07-20","2024-02-11 17:40:36",'свободен',45,1,6,1,5),
(120,Null,Null,Null,"2024-04-25 13:51:34",'свободен',44,2,10,2,50),
(121,Null,Null,Null,"2024-03-25 18:25:31",'свободен',99,2,1,2,60),
(122,Null,Null,Null,"2024-01-23 16:52:49",'собран',34,3,10,2,11),
(123,Null,Null,Null,"2024-05-14 19:48:26",'собран',21,2,2,1,32),
(124,Null,Null,Null,"2024-07-17 16:53:55",'свободен',78,3,2,1,51),
(125,Null,Null,Null,"2024-04-13 9:25:56",'свободен',28,3,2,2,52),
(126,Null,Null,Null,"2024-06-20 9:54:36",'собран',120,2,1,1,13),
(127,Null,Null,"2025-05-17","2024-03-21 16:36:28",'свободен',65,4,1,1,5),
(128,Null,Null,Null,"2024-04-26 20:14:55",'свободен',8,2,10,1,67),
(129,Null,Null,Null,"2024-03-19 19:28:21",'свободен',4,4,7,1,31),
(130,Null,"129842517490",Null,"2024-01-11 20:40:43",'свободен',61,3,6,1,35),
(131,Null,Null,"2025-05-10","2024-01-10 18:38:15",'свободен',94,2,9,1,3),
(132,Null,Null,"2025-02-18","2024-07-21 18:27:39",'свободен',65,4,4,1,15),
(133,Null,Null,Null,"2024-09-21 12:55:28",'свободен',2,2,5,2,32),
(134,Null,Null,"2025-01-28","2024-03-27 13:11:24",'свободен',115,2,1,1,58),
(135,Null,Null,"2025-09-25","2024-02-17 11:16:24",'свободен',84,1,8,1,22),
(136,Null,Null,Null,"2024-03-15 13:22:12",'свободен',48,2,8,1,26),
(137,Null,Null,"2025-04-13","2024-04-22 14:34:17",'свободен',56,3,3,2,4),
(138,Null,Null,Null,"2024-03-15 18:47:46",'свободен',76,3,8,1,46),
(139,Null,Null,"2025-07-15","2024-01-13 11:41:17",'свободен',67,2,4,1,67),
(140,Null,Null,"2025-07-17","2024-08-26 10:14:22",'свободен',89,1,8,2,15),
(141,Null,Null,Null,"2024-09-24 15:47:32",'свободен',6,2,3,1,67),
(142,Null,Null,Null,"2024-03-26 11:23:20",'свободен',33,2,7,2,56),
(143,Null,"129842553093",Null,"2024-09-18 20:54:22",'свободен',105,4,1,1,35),
(144,Null,Null,"2025-01-11","2024-03-27 9:13:47",'свободен',109,1,10,1,66),
(145,Null,Null,"2025-05-28","2024-05-13 20:58:30",'свободен',68,2,5,1,11),
(146,Null,Null,Null,"2024-04-26 18:45:37",'свободен',90,1,5,2,41),
(147,Null,Null,"2025-01-21","2024-05-25 16:31:22",'свободен',113,1,6,1,54),
(148,Null,Null,Null,"2024-01-22 14:54:56",'свободен',30,3,5,1,56),
(149,Null,Null,"2025-08-22","2024-08-26 11:51:45",'свободен',91,1,8,2,32),
(150,Null,Null,"2025-01-18","2024-07-22 14:50:43",'свободен',95,3,1,1,67),
(151,"129842572986",Null,"2025-07-10","2024-03-12 11:45:26",'свободен',116,4,8,1,57),
(152,Null,Null,Null,"2024-01-20 12:29:45",'свободен',31,4,6,1,28),
(153,Null,Null,"2025-02-18","2024-04-21 12:47:14",'свободен',103,4,5,2,40),
(154,Null,Null,Null,"2024-07-19 20:48:16",'свободен',34,1,8,1,48),
(155,Null,Null,Null,"2024-03-28 14:47:36",'свободен',66,3,9,2,63),
(156,"129842585350",Null,"2025-03-19","2024-07-27 18:27:35",'свободен',33,3,7,2,25),
(157,Null,Null,Null,"2024-03-20 10:40:40",'свободен',106,2,4,2,38),
(158,Null,Null,"2025-05-28","2024-04-11 9:52:52",'свободен',107,4,5,1,60),
(159,Null,Null,"2025-06-13","2024-04-26 10:31:46",'свободен',51,4,8,1,48),
(160,Null,Null,Null,"2024-02-26 15:21:39",'свободен',117,3,9,1,62),
(161,Null,Null,Null,"2024-05-28 16:43:41",'свободен',2,1,8,1,41),
(162,Null,Null,Null,"2024-01-13 17:44:52",'свободен',91,2,6,1,7),
(163,Null,Null,Null,"2024-07-27 17:52:36",'свободен',9,1,1,1,30),
(164,"129842605522",Null,"2025-03-11","2024-09-11 18:48:24",'свободен',106,4,5,1,10),
(165,Null,"129842608165",Null,"2024-08-20 17:15:11",'свободен',40,3,7,2,50),
(166,Null,Null,"2025-03-27","2024-07-26 11:36:51",'свободен',22,2,2,1,29),
(167,Null,Null,Null,"2024-06-24 12:10:22",'свободен',76,1,8,2,32),
(168,Null,Null,Null,"2024-04-14 13:46:42",'свободен',31,2,7,1,56),
(169,Null,Null,Null,"2024-07-19 10:28:24",'свободен',94,3,6,2,7),
(170,Null,Null,Null,"2024-06-22 14:25:31",'свободен',35,1,9,2,51),
(171,Null,Null,Null,"2024-02-17 17:31:11",'свободен',70,2,10,1,8),
(172,Null,Null,Null,"2024-02-13 12:59:54",'свободен',88,4,4,1,25),
(173,Null,Null,"2025-09-24","2024-04-19 9:39:47",'свободен',5,2,7,1,12),
(174,Null,Null,Null,"2024-07-15 13:44:43",'свободен',67,2,4,1,66),
(175,Null,Null,Null,"2024-08-18 11:42:16",'свободен',85,3,5,2,18),
(176,Null,Null,"2025-09-13","2024-01-27 20:23:48",'свободен',86,2,7,1,19),
(177,Null,Null,Null,"2024-06-16 14:25:33",'свободен',102,1,3,1,67),
(178,Null,Null,Null,"2024-01-11 11:29:20",'свободен',4,3,9,2,44),
(179,Null,Null,Null,"2024-03-24 17:33:38",'свободен',33,3,4,1,55),
(180,Null,Null,"2025-06-10","2024-01-23 20:18:34",'свободен',51,2,6,1,50),
(181,Null,Null,"2025-03-25","2024-03-15 12:10:46",'свободен',67,1,2,2,40),
(182,Null,Null,"2025-07-23","2024-02-12 11:31:30",'свободен',111,3,4,1,63),
(183,Null,Null,Null,"2024-09-26 15:39:32",'свободен',21,2,6,1,11),
(184,Null,Null,Null,"2024-03-28 11:13:55",'свободен',25,3,10,1,8),
(185,Null,Null,"2025-02-21","2024-05-21 15:48:25",'свободен',107,2,5,2,27),
(186,Null,Null,Null,"2024-03-13 13:59:56",'свободен',11,4,10,1,4),
(187,Null,Null,"2025-02-22","2024-06-21 14:34:55",'свободен',106,3,4,2,25),
(188,Null,Null,Null,"2024-09-26 15:24:52",'свободен',30,4,9,2,4),
(189,Null,Null,"2025-06-20","2024-04-15 9:24:34",'свободен',86,4,4,2,65),
(190,Null,Null,"2025-03-17","2024-07-26 15:15:12",'свободен',117,3,9,1,37),
(191,Null,Null,Null,"2024-01-13 16:49:18",'свободен',4,2,1,2,12),
(192,Null,Null,Null,"2024-04-11 14:38:30",'свободен',50,4,9,1,39),
(193,Null,Null,"2025-06-19","2024-03-11 16:33:27",'свободен',30,2,6,1,65),
(194,Null,Null,"2025-02-25","2024-02-18 16:52:18",'свободен',99,1,9,1,56),
(195,Null,Null,Null,"2024-05-28 19:36:10",'свободен',12,4,2,1,56),
(196,Null,Null,"2025-03-27","2024-05-12 16:43:48",'свободен',62,4,6,2,19),
(197,Null,Null,"2025-02-14","2024-02-25 17:56:33",'свободен',69,4,4,1,4),
(198,Null,Null,Null,"2024-09-23 9:52:40",'свободен',120,3,8,2,54),
(199,Null,Null,"2025-09-15","2024-05-22 15:28:13",'свободен',12,4,1,1,11),
(200,Null,Null,Null,"2024-08-27 20:27:45",'свободен',64,3,7,1,13),
(201,Null,Null,"2025-05-20","2024-04-24 20:50:41",'свободен',17,2,1,1,52),
(202,Null,"129842708921",Null,"2024-07-18 9:42:22",'свободен',27,2,4,1,63),
(203,Null,Null,Null,"2024-01-20 16:28:39",'свободен',60,3,8,2,2),
(204,Null,Null,Null,"2024-04-17 10:44:32",'свободен',80,4,8,1,37),
(205,Null,Null,Null,"2024-03-15 13:16:12",'свободен',33,2,5,2,37),
(206,"129842718753",Null,"2025-01-28","2024-04-23 17:26:23",'свободен',75,3,9,1,23),
(207,Null,Null,Null,"2024-05-21 14:20:48",'свободен',51,1,5,1,39),
(208,Null,Null,"2025-03-17","2024-09-17 9:10:21",'свободен',63,2,2,1,30),
(209,Null,Null,Null,"2024-06-28 10:12:50",'свободен',6,1,1,1,34),
(210,Null,Null,"2025-05-11","2024-01-16 19:44:33",'свободен',39,1,7,2,19),
(211,Null,Null,Null,"2024-01-26 19:50:56",'свободен',67,3,9,2,32),
(212,Null,Null,"2025-07-17","2024-01-25 11:50:48",'свободен',96,4,5,1,27),
(213,Null,"129842738480",Null,"2024-05-15 19:23:34",'собран',118,1,6,2,39),
(214,Null,"129842741049",Null,"2024-07-11 14:54:12",'свободен',12,4,9,2,47),
(215,Null,Null,Null,"2024-05-17 13:22:18",'свободен',59,3,4,1,43),
(216,Null,"129842746460",Null,"2024-05-18 12:57:37",'свободен',118,2,7,2,49),
(217,Null,Null,Null,"2024-04-16 10:43:11",'свободен',40,4,6,2,29),
(218,Null,Null,Null,"2024-04-24 18:48:40",'свободен',104,3,4,1,52),
(219,Null,Null,"2025-09-11","2024-09-15 11:25:38",'свободен',25,4,4,2,58),
(220,Null,Null,Null,"2024-05-19 11:54:45",'свободен',60,3,3,2,17),
(221,Null,Null,Null,"2024-01-28 9:55:28",'свободен',46,1,4,2,32),
(222,Null,Null,Null,"2024-07-19 12:10:59",'свободен',45,2,3,1,56),
(223,Null,Null,Null,"2024-03-27 19:53:58",'свободен',63,2,4,1,38),
(224,Null,Null,"2025-01-24","2024-02-27 15:56:40",'свободен',3,3,5,1,38),
(225,Null,Null,"2025-03-14","2024-03-19 10:47:20",'свободен',36,3,1,1,31),
(226,Null,Null,Null,"2024-08-11 13:14:37",'свободен',104,3,5,2,11),
(227,Null,Null,"2025-05-17","2024-09-23 20:38:50",'свободен',108,4,9,1,36),
(228,Null,Null,Null,"2024-03-16 19:48:37",'свободен',64,2,5,2,66),
(229,Null,Null,"2025-05-26","2024-05-17 18:37:20",'свободен',25,2,6,2,1),
(230,Null,Null,Null,"2024-08-26 14:29:15",'свободен',39,2,9,2,57),
(231,Null,Null,Null,"2024-01-26 13:50:45",'свободен',6,2,4,1,67),
(232,Null,Null,Null,"2024-08-23 13:40:19",'свободен',14,2,9,1,63),
(233,Null,Null,Null,"2024-04-12 11:34:31",'свободен',77,4,4,2,64),
(234,Null,Null,"2025-02-27","2024-07-10 20:48:57",'свободен',25,2,5,1,36),
(235,Null,Null,Null,"2024-09-26 14:34:42",'свободен',97,2,3,2,30),
(236,Null,"129842802133",Null,"2024-01-17 19:27:50",'свободен',16,1,2,1,54),
(237,Null,Null,"2025-06-17","2024-04-24 9:23:28",'свободен',72,3,3,2,26),
(238,Null,Null,Null,"2024-06-12 12:11:40",'свободен',59,2,5,1,57),
(239,Null,Null,Null,"2024-08-15 20:16:36",'свободен',10,3,5,1,18),
(240,Null,Null,Null,"2024-02-28 12:35:29",'свободен',12,3,4,2,25),
(241,Null,Null,Null,"2024-07-17 19:55:25",'свободен',28,4,5,2,57),
(242,Null,Null,"2025-05-15","2024-01-17 15:15:35",'свободен',37,2,10,1,60),
(243,Null,Null,Null,"2024-01-28 13:34:39",'свободен',105,3,2,2,6),
(244,Null,Null,Null,"2024-02-22 10:52:47",'свободен',92,3,4,1,8),
(245,Null,Null,Null,"2024-09-13 13:43:22",'свободен',34,1,3,1,1),
(246,Null,Null,Null,"2024-07-17 13:36:21",'свободен',18,1,8,2,47),
(247,Null,"129842832252",Null,"2024-01-18 12:24:40",'свободен',80,2,1,2,43),
(248,Null,Null,Null,"2024-04-28 17:13:40",'свободен',100,2,5,1,68),
(249,Null,Null,"2025-08-23","2024-09-22 14:46:33",'свободен',34,2,6,2,37),
(250,Null,Null,Null,"2024-02-17 19:34:42",'свободен',114,3,1,2,23),
(251,Null,Null,Null,"2024-04-23 19:52:24",'свободен',64,4,4,1,65),
(252,Null,Null,Null,"2024-07-14 19:13:53",'свободен',82,4,8,2,20),
(253,Null,Null,Null,"2024-04-24 14:46:56",'свободен',44,3,1,2,64),
(254,Null,Null,Null,"2024-03-23 10:47:10",'свободен',52,1,10,2,48),
(255,Null,Null,Null,"2024-01-14 11:30:47",'свободен',68,2,5,2,21),
(256,Null,Null,Null,"2024-04-17 15:32:25",'свободен',98,2,4,2,51),
(257,Null,Null,"2025-02-19","2024-05-18 13:57:21",'свободен',97,4,1,2,13),
(258,Null,Null,"2025-03-28","2024-08-15 17:29:17",'свободен',65,1,8,2,21),
(259,Null,Null,Null,"2024-04-28 18:32:41",'свободен',87,1,6,1,30),
(260,Null,Null,"2025-04-28","2024-03-10 11:25:12",'свободен',62,4,9,2,41),
(261,Null,Null,Null,"2024-06-27 10:17:14",'свободен',73,4,8,2,14),
(262,Null,Null,"2025-05-19","2024-09-20 13:52:58",'свободен',114,4,7,1,37),
(263,Null,Null,Null,"2024-08-20 15:46:56",'свободен',83,4,1,1,39),
(264,Null,Null,"2025-03-10","2024-04-19 10:39:55",'свободен',55,2,4,2,50),
(265,Null,Null,Null,"2024-08-18 10:17:31",'свободен',77,3,8,1,55),
(266,Null,Null,"2025-04-13","2024-03-23 17:57:19",'свободен',12,1,10,1,2),
(267,Null,"129842886739",Null,"2024-09-18 10:17:13",'свободен',103,3,3,2,42),
(268,Null,Null,"2025-01-26","2024-06-16 19:46:45",'свободен',91,3,5,2,38),
(269,Null,Null,"2025-08-28","2024-07-23 9:52:20",'свободен',80,3,3,1,41),
(270,Null,Null,Null,"2024-04-18 18:20:48",'свободен',35,2,4,1,40),
(271,Null,Null,"2025-07-24","2024-05-27 9:23:17",'свободен',15,2,3,1,18),
(272,Null,Null,Null,"2024-02-12 18:10:29",'свободен',71,3,9,2,39),
(273,Null,Null,Null,"2024-06-19 16:29:12",'свободен',24,4,7,1,3),
(274,Null,Null,Null,"2024-01-17 12:52:17",'свободен',47,3,3,1,22),
(275,Null,Null,Null,"2024-01-18 9:50:32",'свободен',43,4,7,1,34),
(276,Null,Null,"2025-01-13","2024-07-14 14:54:21",'свободен',46,3,8,1,18),
(277,Null,Null,Null,"2024-02-16 16:55:58",'свободен',33,3,3,1,26),
(278,Null,Null,Null,"2024-09-13 10:30:26",'свободен',104,2,6,2,31),
(279,Null,Null,Null,"2024-05-11 18:46:33",'свободен',88,1,4,1,51),
(280,Null,Null,Null,"2024-02-25 12:54:20",'свободен',108,2,5,2,51),
(281,Null,Null,Null,"2024-04-11 16:46:42",'свободен',44,1,8,1,7),
(282,Null,Null,Null,"2024-04-13 14:50:58",'свободен',56,3,7,2,42),
(283,"129842930961",Null,"2025-08-17","2024-03-10 10:44:35",'свободен',35,3,3,2,8),
(284,Null,Null,Null,"2024-02-14 14:18:37",'свободен',113,1,2,2,53),
(285,Null,Null,Null,"2024-06-22 9:57:50",'свободен',3,2,4,2,48),
(286,Null,Null,Null,"2024-05-24 16:53:34",'свободен',114,4,4,1,64),
(287,Null,Null,Null,"2024-05-14 12:24:28",'свободен',19,3,2,1,26),
(288,Null,Null,"2025-02-10","2024-04-10 15:26:24",'свободен',110,4,1,2,53),
(289,Null,Null,Null,"2024-04-22 11:49:26",'свободен',89,2,6,1,29),
(290,Null,Null,"2025-01-22","2024-02-19 9:48:59",'свободен',11,2,4,1,12),
(291,Null,Null,Null,"2024-08-16 14:50:35",'свободен',109,2,2,2,44),
(292,Null,Null,"2025-03-18","2024-02-26 17:28:50",'свободен',100,3,7,1,32),
(293,"129842956061",Null,"2025-09-28","2024-09-15 19:25:10",'свободен',31,2,4,1,60),
(294,Null,Null,Null,"2024-09-22 14:24:57",'свободен',116,4,5,1,36),
(295,Null,Null,Null,"2024-04-11 19:24:59",'свободен',117,4,2,2,21),
(296,Null,Null,Null,"2024-02-12 15:56:27",'свободен',28,2,4,2,11),
(297,Null,Null,"2025-04-19","2024-08-27 13:24:16",'свободен',63,1,2,1,44),
(298,Null,Null,Null,"2024-08-14 15:14:28",'свободен',115,4,4,2,65),
(299,Null,Null,Null,"2024-05-25 11:14:53",'свободен',70,4,6,2,48),
(300,Null,Null,"2025-04-16","2024-04-18 16:48:38",'свободен',61,3,10,1,1),
(301,Null,Null,Null,"2024-04-27 20:44:32",'свободен',20,2,7,2,68),
(302,Null,Null,Null,"2024-09-15 10:33:23",'свободен',14,3,5,2,6),
(303,Null,Null,"2025-06-11","2024-05-21 10:51:26",'свободен',95,1,9,1,21),
(304,Null,Null,"2025-02-17","2024-05-20 18:25:29",'свободен',26,2,5,1,58),
(305,Null,Null,Null,"2024-08-14 19:19:37",'свободен',47,4,7,1,23),
(306,Null,Null,"2025-06-14","2024-04-24 12:21:34",'свободен',26,1,7,1,60),
(307,Null,Null,Null,"2024-03-26 11:51:46",'свободен',33,4,7,1,2),
(308,Null,Null,Null,"2024-01-14 10:41:16",'свободен',40,2,3,2,68),
(309,"129843001268",Null,"2025-03-11","2024-08-21 19:28:28",'свободен',22,3,1,1,63),
(310,Null,Null,"2025-08-26","2024-01-14 16:54:35",'свободен',114,1,6,2,17),
(311,Null,Null,"2025-09-27","2024-03-17 14:24:55",'свободен',111,4,10,2,62),
(312,Null,Null,Null,"2024-05-12 11:46:12",'свободен',112,2,7,2,21),
(313,Null,Null,"2025-05-27","2024-01-19 14:56:31",'свободен',52,2,8,1,45),
(314,Null,Null,"2025-03-11","2024-04-12 20:47:43",'свободен',102,3,8,2,20),
(315,Null,Null,"2025-03-20","2024-09-19 10:28:50",'свободен',93,3,2,2,42),
(316,Null,Null,"2025-02-28","2024-03-10 10:49:52",'свободен',93,1,3,2,51),
(317,Null,Null,Null,"2024-08-28 11:26:19",'свободен',33,4,2,1,7),
(318,Null,Null,Null,"2024-02-24 18:30:34",'свободен',39,3,7,2,67),
(319,"129843027610",Null,"2025-03-16","2024-07-26 12:29:13",'свободен',59,2,6,2,36),
(320,Null,Null,"2025-09-26","2024-05-12 9:57:31",'свободен',9,2,2,1,36),
(321,"129843033296",Null,"2025-05-19","2024-01-11 16:22:52",'свободен',36,1,2,1,49),
(322,Null,Null,Null,"2024-06-19 15:26:17",'свободен',61,1,6,1,21),
(323,Null,Null,Null,"2024-03-11 15:33:15",'свободен',118,4,6,1,14),
(324,Null,Null,"2025-08-25","2024-01-17 16:53:22",'свободен',105,1,8,1,5),
(325,Null,Null,"2025-07-24","2024-07-22 20:34:34",'свободен',14,2,3,2,50),
(326,Null,Null,Null,"2024-06-14 18:21:38",'свободен',94,3,2,1,26),
(327,Null,Null,"2025-07-10","2024-09-19 13:42:52",'свободен',108,3,10,2,38),
(328,Null,Null,"2025-06-23","2024-02-17 14:13:24",'свободен',101,3,2,2,65),
(329,Null,Null,Null,"2024-06-15 19:12:43",'свободен',115,2,7,1,61),
(330,Null,Null,Null,"2024-02-17 17:15:23",'свободен',28,1,3,2,17),
(331,Null,Null,"2025-08-26","2024-08-23 12:25:50",'свободен',44,2,1,1,13),
(332,Null,Null,Null,"2024-06-13 12:52:53",'свободен',26,3,7,2,47),
(333,Null,Null,Null,"2024-01-16 20:23:25",'свободен',46,1,7,1,43),
(334,Null,Null,Null,"2024-03-20 9:39:43",'свободен',12,2,5,1,18),
(335,Null,Null,Null,"2024-04-25 13:43:16",'свободен',13,4,9,1,1),
(336,Null,Null,Null,"2024-02-22 13:26:48",'свободен',60,2,3,1,30),
(337,Null,Null,Null,"2024-02-16 19:49:50",'свободен',28,2,7,2,37),
(338,Null,Null,Null,"2024-05-15 17:15:26",'свободен',39,4,8,2,65),
(339,Null,Null,"2025-05-13","2024-01-27 19:48:40",'свободен',84,2,1,1,64),
(340,Null,Null,Null,"2024-04-13 13:56:40",'свободен',15,3,2,1,29),
(341,Null,Null,"2025-03-11","2024-06-28 16:41:31",'свободен',33,3,9,1,35),
(342,Null,Null,Null,"2024-01-14 12:57:44",'свободен',47,4,4,2,47),
(343,Null,Null,"2025-06-22","2024-01-19 14:31:41",'свободен',120,1,1,2,5),
(344,Null,Null,"2025-07-12","2024-06-17 16:13:10",'свободен',13,1,6,2,23),
(345,Null,Null,Null,"2024-02-13 20:30:55",'свободен',79,1,10,2,4),
(346,Null,Null,Null,"2024-06-12 9:36:21",'свободен',9,4,5,1,11),
(347,Null,Null,"2025-05-17","2024-07-14 13:57:18",'свободен',90,4,10,2,22),
(348,Null,Null,"2025-06-13","2024-06-19 16:24:54",'свободен',1,2,7,2,54),
(349,Null,Null,"2025-08-21","2024-06-28 15:42:32",'свободен',31,4,10,2,30),
(350,Null,Null,"2025-04-20","2024-05-15 20:44:29",'свободен',61,4,8,1,63),
(351,Null,Null,Null,"2024-05-16 16:10:30",'свободен',26,4,9,2,62),
(352,Null,Null,Null,"2024-07-27 15:18:17",'свободен',21,1,2,1,26),
(353,Null,Null,Null,"2024-03-14 14:28:20",'свободен',87,1,5,2,23),
(354,Null,Null,Null,"2024-02-26 17:55:24",'свободен',7,1,9,1,68),
(355,Null,Null,Null,"2024-06-12 18:24:21",'свободен',117,1,10,2,30),
(356,Null,Null,"2025-05-10","2024-09-26 19:49:31",'свободен',85,1,7,2,21),
(357,Null,Null,"2025-04-23","2024-06-28 16:45:18",'свободен',88,4,10,1,14),
(358,Null,Null,Null,"2024-05-11 14:19:47",'свободен',23,2,10,2,40),
(359,Null,Null,"2025-03-16","2024-04-21 19:58:28",'свободен',109,3,6,2,58),
(360,Null,"129843138352",Null,"2024-07-20 19:55:14",'свободен',96,2,4,2,46),
(361,Null,Null,Null,"2024-08-14 13:31:39",'свободен',70,4,3,1,9),
(362,Null,"129843143161",Null,"2024-06-16 10:14:23",'свободен',39,2,7,2,42),
(363,Null,Null,"2025-08-26","2024-05-18 10:40:55",'свободен',108,4,8,2,38),
(364,Null,Null,Null,"2024-08-14 19:47:52",'свободен',21,4,3,1,51),
(365,Null,Null,"2025-08-20","2024-09-11 19:36:56",'свободен',86,2,3,1,16),
(366,Null,Null,Null,"2024-08-12 12:48:36",'свободен',72,1,3,2,59),
(367,Null,Null,"2025-06-26","2024-09-16 12:51:42",'свободен',54,4,7,2,59),
(368,Null,Null,Null,"2024-01-10 14:24:58",'свободен',29,2,10,2,43),
(369,Null,Null,Null,"2024-02-11 18:36:15",'свободен',32,3,5,2,51),
(370,Null,Null,Null,"2024-01-19 16:48:10",'свободен',64,3,1,1,45),
(371,Null,Null,Null,"2024-08-10 16:14:32",'свободен',16,4,4,1,5),
(372,Null,Null,"2025-05-26","2024-01-19 20:53:11",'свободен',23,4,7,2,30),
(373,Null,Null,Null,"2024-08-23 13:24:52",'свободен',48,3,9,1,20),
(374,Null,Null,Null,"2024-03-27 12:24:54",'свободен',62,3,7,2,18),
(375,Null,Null,Null,"2024-04-23 15:47:50",'свободен',89,2,7,1,26),
(376,Null,Null,Null,"2024-09-17 15:37:11",'свободен',16,3,5,1,57),
(377,Null,Null,Null,"2024-07-15 11:46:57",'свободен',86,4,2,1,53),
(378,Null,Null,"2025-05-27","2024-05-23 15:29:39",'свободен',80,2,9,2,13),
(379,Null,Null,"2025-01-28","2024-03-13 19:20:58",'свободен',1,2,9,1,60),
(380,Null,"129843191027",Null,"2024-06-15 11:36:20",'свободен',67,1,1,2,9),
(381,Null,Null,Null,"2024-08-26 20:29:36",'свободен',68,4,5,2,3),
(382,Null,Null,"2025-06-19","2024-04-22 13:10:45",'свободен',96,2,5,2,17),
(383,Null,Null,Null,"2024-04-23 18:57:27",'свободен',72,1,8,2,35),
(384,Null,Null,Null,"2024-07-20 15:54:49",'свободен',105,4,9,2,40),
(385,Null,Null,Null,"2024-04-20 16:35:38",'свободен',80,1,5,2,1),
(386,Null,Null,Null,"2024-02-25 14:48:35",'свободен',94,1,8,2,49),
(387,Null,Null,"2025-03-16","2024-04-27 20:20:26",'свободен',24,3,9,1,16),
(388,Null,Null,"2025-07-19","2024-08-25 13:49:41",'свободен',117,4,9,2,66),
(389,Null,Null,Null,"2024-06-12 20:42:46",'свободен',34,2,4,2,30),
(390,Null,Null,Null,"2024-08-14 19:19:27",'свободен',46,1,6,2,40),
(391,Null,Null,Null,"2024-08-13 12:49:45",'свободен',97,2,4,2,62),
(392,Null,Null,Null,"2024-05-26 14:57:43",'свободен',17,2,1,1,34),
(393,Null,Null,Null,"2024-01-18 17:37:45",'свободен',81,3,6,2,9),
(394,Null,Null,Null,"2024-05-19 13:54:48",'свободен',7,2,9,1,58),
(395,Null,Null,Null,"2024-04-12 12:37:24",'свободен',48,1,10,1,16),
(396,Null,Null,Null,"2024-09-25 18:55:17",'свободен',12,2,1,2,24),
(397,Null,Null,Null,"2024-02-21 12:32:18",'свободен',58,1,6,1,36),
(398,Null,Null,Null,"2024-05-12 20:43:13",'свободен',112,3,3,2,31),
(399,Null,Null,"2025-01-26","2024-06-26 10:32:41",'свободен',95,4,8,2,36),
(400,Null,Null,"2025-09-17","2024-02-14 14:50:59",'свободен',57,3,2,1,31),
(401,Null,Null,Null,"2024-05-12 14:51:53",'свободен',20,2,10,2,66),
(402,Null,Null,Null,"2024-09-13 19:39:12",'свободен',44,2,6,2,30),
(403,Null,Null,Null,"2024-06-15 15:35:27",'свободен',28,2,3,1,26),
(404,Null,"129843255365",Null,"2024-08-17 11:49:29",'свободен',22,2,4,2,67),
(405,Null,Null,"2025-04-11","2024-02-10 15:41:59",'свободен',90,3,8,1,40),
(406,Null,Null,Null,"2024-08-26 9:16:18",'свободен',93,1,8,1,9),
(407,"129843262835",Null,"2025-02-23","2024-02-16 13:12:37",'свободен',48,3,9,2,38),
(408,Null,Null,Null,"2024-01-17 14:23:31",'свободен',82,2,10,1,58),
(409,Null,Null,"2025-01-15","2024-07-26 13:51:32",'свободен',86,3,5,1,54),
(410,Null,Null,"2025-04-15","2024-06-27 9:17:58",'свободен',118,4,2,1,30),
(411,Null,Null,Null,"2024-03-14 18:58:41",'свободен',37,2,3,1,1),
(412,Null,Null,Null,"2024-09-28 9:59:58",'свободен',34,3,4,2,19),
(413,Null,Null,Null,"2024-05-22 11:56:55",'свободен',88,3,9,2,38),
(414,Null,Null,"2025-04-10","2024-01-20 16:25:48",'свободен',101,2,9,1,26),
(415,Null,Null,"2025-01-17","2024-04-14 14:19:39",'свободен',31,4,4,1,68),
(416,Null,Null,"2025-02-19","2024-02-22 15:46:20",'свободен',94,1,10,1,30),
(417,"129843290318",Null,"2025-06-10","2024-02-13 15:50:42",'свободен',59,2,10,1,57),
(418,Null,Null,"2025-02-26","2024-02-21 12:21:57",'свободен',46,3,4,2,33),
(419,Null,Null,Null,"2024-05-21 10:46:42",'свободен',98,3,3,2,62),
(420,Null,Null,Null,"2024-05-14 12:46:22",'свободен',22,3,1,2,9),
(421,Null,Null,"2025-03-20","2024-05-28 16:31:57",'свободен',95,4,7,2,42),
(422,Null,Null,Null,"2024-04-15 12:21:26",'свободен',111,4,10,2,31),
(423,Null,Null,"2025-09-15","2024-08-28 11:20:14",'свободен',46,2,1,1,64),
(424,Null,Null,"2025-08-28","2024-03-14 9:41:36",'свободен',98,1,4,1,42),
(425,Null,Null,Null,"2024-02-13 15:34:14",'свободен',45,4,4,2,63),
(426,Null,Null,Null,"2024-08-19 19:16:33",'свободен',108,3,5,2,62),
(427,Null,"129843316363",Null,"2024-05-27 19:52:38",'свободен',77,2,2,2,44),
(428,Null,Null,Null,"2024-02-14 10:32:53",'свободен',40,3,6,2,37),
(429,Null,Null,"2025-03-17","2024-08-23 9:17:19",'свободен',47,4,10,1,5),
(430,Null,Null,"2025-02-24","2024-08-28 14:58:23",'свободен',91,1,10,1,41),
(431,Null,"129843326965",Null,"2024-09-24 12:43:40",'свободен',98,2,6,2,52),
(432,Null,Null,"2025-03-21","2024-05-21 9:21:30",'свободен',46,2,8,1,46),
(433,Null,Null,Null,"2024-07-14 17:50:11",'свободен',77,2,7,2,67),
(434,Null,Null,Null,"2024-04-17 12:47:18",'свободен',117,4,3,2,21),
(435,Null,Null,"2025-04-20","2024-06-27 14:10:39",'свободен',86,4,10,2,30),
(436,Null,Null,"2025-03-23","2024-03-27 10:17:44",'собран',93,2,9,1,6),
(437,Null,Null,Null,"2024-05-16 18:49:28",'свободен',112,2,9,2,64),
(438,Null,Null,Null,"2024-02-25 20:54:43",'свободен',68,2,4,2,24),
(439,Null,Null,Null,"2024-02-11 13:51:57",'свободен',30,3,5,2,14),
(440,Null,Null,Null,"2024-01-16 9:27:26",'свободен',40,3,4,1,4),
(441,Null,Null,Null,"2024-07-20 18:30:55",'свободен',42,2,8,1,27),
(442,Null,Null,"2025-06-11","2024-02-27 9:23:41",'свободен',97,4,4,1,9),
(443,Null,Null,Null,"2024-07-11 10:50:40",'свободен',114,4,3,1,67),
(444,Null,Null,"2025-06-15","2024-02-16 18:30:30",'свободен',112,1,4,1,12),
(445,Null,Null,Null,"2024-02-12 12:41:31",'свободен',84,3,2,1,15),
(446,Null,Null,Null,"2024-06-21 12:30:45",'свободен',97,1,4,2,27),
(447,Null,Null,Null,"2024-02-24 16:21:18",'свободен',73,3,2,2,14),
(448,Null,Null,"2025-04-11","2024-05-24 9:16:16",'свободен',46,3,10,1,60),
(449,Null,Null,"2025-09-25","2024-07-17 17:15:56",'свободен',47,2,4,1,7),
(450,Null,Null,Null,"2024-05-19 13:50:41",'свободен',46,1,6,2,8),
(451,Null,Null,"2025-06-27","2024-05-17 13:27:57",'свободен',51,4,9,1,37),
(452,Null,Null,"2025-07-26","2024-05-16 17:53:28",'свободен',74,4,7,1,23),
(453,Null,Null,"2025-07-23","2024-01-13 14:26:39",'свободен',90,1,6,1,14),
(454,Null,Null,"2025-07-20","2024-04-10 18:32:29",'свободен',23,3,6,1,53),
(455,Null,Null,"2025-02-20","2024-01-24 18:41:38",'собран',117,4,4,2,58),
(456,Null,Null,Null,"2024-01-23 15:17:58",'свободен',74,1,7,2,42),
(457,Null,Null,"2025-03-13","2024-06-17 14:39:27",'свободен',5,1,1,1,62),
(458,Null,Null,"2025-09-15","2024-06-26 18:55:18",'свободен',67,2,5,1,55),
(459,Null,Null,Null,"2024-03-20 17:11:46",'свободен',98,2,4,2,8),
(460,Null,Null,Null,"2024-01-13 11:16:58",'свободен',8,3,2,1,27),
(461,Null,Null,Null,"2024-04-21 14:18:38",'свободен',91,4,7,1,61),
(462,"129843412306",Null,"2025-08-22","2024-01-11 19:24:25",'свободен',53,3,7,2,53),
(463,Null,Null,Null,"2024-01-27 15:23:56",'свободен',14,4,9,1,9),
(464,Null,Null,Null,"2024-09-24 14:37:36",'свободен',67,4,2,1,58),
(465,Null,Null,"2025-03-13","2024-02-16 15:40:25",'свободен',34,4,7,1,63),
(466,Null,Null,"2025-03-14","2024-07-11 12:31:36",'свободен',88,2,5,2,13),
(467,Null,"129843424880",Null,"2024-02-14 10:44:56",'свободен',59,1,10,2,31),
(468,Null,Null,"2025-05-17","2024-09-18 16:35:51",'свободен',79,1,3,1,44),
(469,Null,Null,"2025-03-12","2024-03-10 11:45:23",'свободен',4,4,5,2,36),
(470,Null,Null,Null,"2024-01-23 13:19:32",'свободен',80,1,1,2,17),
(471,Null,Null,Null,"2024-05-17 10:34:22",'свободен',47,4,9,1,57),
(472,Null,Null,"2025-06-16","2024-02-25 19:15:21",'свободен',24,3,2,2,6),
(473,Null,Null,Null,"2024-08-22 15:25:54",'свободен',14,4,6,2,46),
(474,Null,Null,Null,"2024-06-22 19:55:39",'свободен',11,1,7,2,44),
(475,Null,Null,"2025-05-26","2024-02-14 12:26:20",'свободен',53,1,4,1,29),
(476,Null,Null,"2025-07-20","2024-07-24 10:27:49",'свободен',73,2,4,2,49),
(477,Null,Null,Null,"2024-01-28 19:23:40",'свободен',51,4,10,2,37),
(478,Null,Null,"2025-03-24","2024-01-14 14:27:56",'свободен',19,4,1,1,13),
(479,Null,Null,"2025-05-14","2024-07-27 17:58:12",'свободен',35,2,6,1,17),
(480,Null,Null,"2025-07-22","2024-05-28 19:18:14",'свободен',27,4,4,1,6),
(481,Null,Null,Null,"2024-01-21 9:55:50",'свободен',68,1,5,1,37),
(482,Null,Null,"2025-09-16","2024-01-25 10:54:49",'свободен',42,4,4,2,9),
(483,Null,Null,"2025-08-10","2024-09-12 13:20:28",'свободен',66,1,1,2,32),
(484,Null,Null,Null,"2024-04-15 11:52:14",'свободен',20,4,5,2,64),
(485,Null,Null,Null,"2024-05-24 18:49:14",'свободен',20,1,7,1,67),
(486,Null,Null,Null,"2024-08-25 18:27:14",'свободен',77,3,3,1,33),
(487,Null,Null,"2025-04-23","2024-06-17 13:34:55",'свободен',80,4,10,1,17),
(488,Null,Null,Null,"2024-08-20 13:13:10",'свободен',108,1,6,1,3),
(489,Null,Null,"2025-07-10","2024-08-13 14:51:29",'свободен',34,3,5,1,8),
(490,Null,Null,Null,"2024-07-24 15:25:35",'свободен',60,1,2,1,30),
(491,Null,Null,Null,"2024-06-19 19:40:23",'свободен',41,1,8,1,13),
(492,Null,Null,"2025-01-10","2024-09-17 10:45:42",'свободен',30,4,7,1,66),
(493,Null,Null,"2025-09-13","2024-05-24 18:20:25",'свободен',113,1,2,1,63),
(494,Null,Null,Null,"2024-07-18 19:18:49",'свободен',90,4,8,1,37),
(495,Null,Null,"2025-05-12","2024-09-17 15:19:10",'свободен',80,1,7,2,68),
(496,Null,Null,Null,"2024-05-28 16:38:37",'свободен',41,2,1,1,9),
(497,Null,Null,"2025-06-12","2024-08-28 17:56:34",'свободен',78,4,8,1,15),
(498,Null,Null,"2025-06-20","2024-05-18 11:10:49",'свободен',97,4,2,1,34),
(499,Null,Null,"2025-07-26","2024-02-21 20:18:30",'свободен',45,3,10,2,45),
(500,Null,Null,"2025-09-25","2024-06-27 9:43:29",'свободен',103,4,5,2,19),
(501,Null,Null,"2025-06-16","2024-01-11 17:52:26",'свободен',50,1,10,1,68),
(502,Null,Null,Null,"2024-06-24 20:56:58",'свободен',84,1,8,1,62),
(503,Null,Null,Null,"2024-03-15 13:31:11",'свободен',6,4,4,1,21),
(504,Null,Null,"2025-02-11","2024-06-11 9:22:27",'свободен',79,4,9,2,19),
(505,Null,Null,"2025-07-21","2024-04-24 11:15:28",'свободен',9,2,2,1,16),
(506,Null,Null,"2025-03-13","2024-07-27 12:17:44",'свободен',82,4,9,1,47),
(507,Null,Null,"2025-01-24","2024-02-22 9:34:34",'свободен',25,4,4,1,67),
(508,Null,Null,"2025-09-20","2024-03-15 15:29:46",'свободен',41,1,6,2,46),
(509,Null,Null,Null,"2024-01-18 9:26:57",'свободен',92,4,5,2,52),
(510,Null,Null,Null,"2024-05-12 20:30:36",'свободен',110,4,8,2,53),
(511,Null,Null,Null,"2024-09-14 18:41:31",'свободен',30,4,10,2,12),
(512,Null,Null,Null,"2024-03-24 10:11:55",'свободен',8,1,10,2,68),
(513,Null,Null,"2025-06-15","2024-06-19 9:28:53",'свободен',55,1,10,2,56),
(514,Null,Null,Null,"2024-09-19 19:49:33",'свободен',17,4,10,1,63),
(515,Null,Null,"2025-07-26","2024-01-19 10:18:29",'свободен',11,2,10,2,27),
(516,Null,Null,"2025-08-12","2024-09-25 19:30:35",'свободен',108,1,10,2,16),
(517,Null,Null,Null,"2024-01-20 9:45:43",'свободен',81,1,6,2,52),
(518,Null,Null,Null,"2024-05-11 19:17:18",'свободен',5,3,8,2,14),
(519,Null,Null,"2025-05-17","2024-08-20 15:41:40",'свободен',67,4,9,1,53),
(520,Null,Null,Null,"2024-03-24 12:16:41",'свободен',87,1,10,1,58),
(521,Null,Null,"2025-08-13","2024-04-21 11:19:19",'свободен',89,1,5,1,6),
(522,Null,Null,Null,"2024-05-26 20:58:18",'свободен',94,4,1,1,63),
(523,Null,Null,"2025-07-27","2024-06-26 17:27:53",'свободен',45,3,9,2,16),
(524,Null,Null,Null,"2024-06-10 18:21:59",'свободен',109,4,2,1,39),
(525,Null,"129843578675",Null,"2024-05-27 14:22:22",'свободен',45,1,5,2,19),
(526,Null,Null,Null,"2024-05-18 9:23:10",'свободен',25,2,3,2,34),
(527,Null,Null,Null,"2024-02-17 16:22:21",'свободен',36,4,2,1,60),
(528,Null,Null,Null,"2024-05-23 17:27:33",'свободен',15,2,7,2,3),
(529,Null,Null,"2025-02-15","2024-01-28 13:29:15",'свободен',7,2,8,2,21),
(530,Null,Null,Null,"2024-08-15 12:45:10",'свободен',42,4,9,1,15),
(531,Null,Null,"2025-06-25","2024-01-22 10:53:50",'свободен',56,1,9,2,28),
(532,Null,Null,"2025-03-26","2024-02-26 14:23:18",'свободен',13,4,9,1,42),
(533,Null,Null,"2025-09-17","2024-09-21 10:17:23",'свободен',101,4,5,1,45),
(534,Null,Null,"2025-09-21","2024-03-22 10:27:50",'свободен',95,3,6,2,34),
(535,Null,Null,Null,"2024-05-20 10:39:25",'свободен',42,3,8,2,19),
(536,Null,Null,"2025-09-26","2024-01-20 16:47:49",'свободен',61,2,7,1,63),
(537,Null,Null,Null,"2024-06-19 14:36:12",'свободен',93,2,2,1,10),
(538,Null,Null,Null,"2024-06-12 13:39:48",'свободен',26,1,9,2,65),
(539,Null,Null,Null,"2024-04-19 12:42:17",'свободен',59,1,5,1,19),
(540,Null,Null,"2025-06-18","2024-07-25 19:30:28",'свободен',69,3,2,1,2),
(541,Null,Null,Null,"2024-06-24 12:49:49",'свободен',43,1,1,1,37),
(542,Null,Null,Null,"2024-06-23 12:13:45",'свободен',51,1,1,2,65),
(543,Null,Null,"2025-02-26","2024-07-24 18:13:10",'свободен',36,1,8,2,11),
(544,Null,Null,Null,"2024-04-22 9:38:51",'свободен',63,1,10,1,21),
(545,Null,Null,Null,"2024-09-26 15:50:31",'свободен',32,3,2,1,51),
(546,Null,Null,"2025-09-27","2024-02-28 19:41:16",'свободен',113,3,9,1,55),
(547,Null,Null,"2025-03-22","2024-06-25 17:45:18",'свободен',64,1,2,2,18),
(548,Null,Null,Null,"2024-04-22 17:32:33",'свободен',66,3,2,2,66),
(549,Null,Null,Null,"2024-03-26 9:34:21",'свободен',104,1,5,1,8),
(550,Null,Null,Null,"2024-05-11 9:43:33",'свободен',5,4,7,2,37),
(551,Null,Null,"2025-01-19","2024-07-28 12:13:39",'свободен',115,3,7,1,33),
(552,Null,Null,"2025-09-10","2024-03-15 13:51:34",'свободен',65,4,5,1,43),
(553,Null,Null,"2025-04-28","2024-03-23 13:19:27",'свободен',116,2,10,1,45),
(554,Null,Null,Null,"2024-05-18 13:27:22",'свободен',120,3,3,1,52),
(555,Null,"129843660315",Null,"2024-05-23 13:41:22",'собран',83,3,1,1,67),
(556,Null,Null,Null,"2024-02-28 19:12:27",'свободен',89,1,3,2,62),
(557,Null,Null,Null,"2024-06-16 17:10:33",'свободен',90,1,1,1,45),
(558,Null,Null,"2025-04-17","2024-02-24 17:24:29",'свободен',79,1,4,1,54),
(559,Null,Null,Null,"2024-09-11 14:20:43",'свободен',43,1,6,1,27),
(560,Null,Null,Null,"2024-04-25 16:36:58",'свободен',102,4,9,1,6),
(561,Null,Null,Null,"2024-05-20 17:14:11",'свободен',108,3,6,2,54),
(562,Null,Null,Null,"2024-02-18 12:28:19",'свободен',105,3,1,2,13),
(563,Null,Null,Null,"2024-07-21 11:45:12",'свободен',28,4,8,2,64),
(564,Null,Null,Null,"2024-03-24 17:36:28",'свободен',94,2,4,2,44),
(565,Null,Null,Null,"2024-07-20 14:38:35",'свободен',16,2,8,1,48),
(566,Null,Null,"2025-08-11","2024-04-26 19:26:21",'свободен',41,4,1,1,19),
(567,Null,Null,Null,"2024-04-12 20:57:20",'свободен',112,2,3,2,21),
(568,Null,Null,Null,"2024-03-21 20:18:54",'свободен',79,2,5,1,58),
(569,Null,Null,Null,"2024-02-19 15:57:33",'свободен',82,3,6,2,29),
(570,Null,"129843702761",Null,"2024-04-22 20:29:38",'свободен',107,3,4,2,35),
(571,Null,Null,"2025-05-19","2024-01-11 9:10:26",'свободен',32,3,9,2,2),
(572,Null,Null,Null,"2024-08-15 17:24:25",'свободен',58,4,9,2,30),
(573,Null,Null,Null,"2024-04-21 18:48:16",'свободен',88,3,6,2,30),
(574,Null,Null,Null,"2024-05-17 17:21:43",'свободен',110,2,1,2,68),
(575,Null,Null,Null,"2024-02-14 9:20:55",'свободен',24,3,7,2,6),
(576,Null,Null,"2025-09-20","2024-06-18 10:59:54",'свободен',43,1,7,1,42),
(577,Null,Null,"2025-04-24","2024-05-26 10:17:12",'свободен',73,2,4,1,34),
(578,Null,Null,Null,"2024-09-23 17:49:28",'свободен',6,1,1,1,47),
(579,Null,Null,"2025-09-26","2024-07-19 13:25:23",'свободен',76,4,2,1,26),
(580,Null,"129843731313",Null,"2024-05-15 18:31:11",'свободен',75,2,1,2,16),
(581,Null,Null,Null,"2024-01-20 14:18:28",'свободен',90,2,3,2,4),
(582,Null,Null,"2025-02-11","2024-06-24 20:16:54",'свободен',78,3,9,2,48),
(583,Null,Null,Null,"2024-01-24 13:48:25",'свободен',4,4,9,2,64),
(584,Null,Null,"2025-09-24","2024-03-11 14:23:12",'свободен',50,2,2,1,64),
(585,Null,Null,"2025-05-25","2024-05-13 19:10:14",'свободен',54,3,4,2,52),
(586,Null,Null,"2025-04-19","2024-01-28 13:48:43",'свободен',20,3,7,1,3),
(587,Null,Null,Null,"2024-06-10 13:15:41",'свободен',83,4,6,2,49),
(588,Null,Null,"2025-09-20","2024-01-21 16:10:35",'свободен',46,3,5,1,61),
(589,Null,Null,"2025-04-22","2024-09-10 18:28:37",'свободен',37,1,10,2,57),
(590,Null,Null,Null,"2024-02-11 15:18:23",'свободен',94,2,2,2,60),
(591,Null,Null,Null,"2024-04-28 13:55:18",'свободен',84,2,7,1,8),
(592,Null,Null,Null,"2024-06-25 19:50:47",'свободен',23,3,8,2,17),
(593,Null,Null,Null,"2024-02-11 10:22:45",'свободен',2,2,3,2,29),
(594,Null,Null,"2025-03-15","2024-09-12 19:41:46",'свободен',95,1,10,2,62),
(595,Null,"129843769159",Null,"2024-07-22 11:27:52",'свободен',49,1,3,1,42),
(596,Null,Null,"2025-03-24","2024-06-26 19:36:24",'свободен',119,1,1,1,17),
(597,Null,Null,Null,"2024-01-22 12:49:55",'свободен',35,1,7,2,1),
(598,Null,"129843776860",Null,"2024-09-15 9:15:59",'свободен',41,4,8,1,54),
(599,Null,Null,Null,"2024-05-16 18:20:18",'свободен',68,4,10,1,62),
(600,Null,Null,Null,"2024-08-13 11:28:38",'свободен',112,4,2,2,42),
(601,Null,Null,"2025-05-11","2024-03-10 20:13:22",'свободен',74,1,6,1,29),
(602,Null,Null,Null,"2024-07-19 13:44:32",'свободен',14,4,10,1,37),
(603,Null,Null,"2025-03-19","2024-05-21 18:35:15",'свободен',17,2,9,2,68),
(604,Null,Null,"2025-03-11","2024-05-21 20:44:51",'свободен',45,1,2,1,59),
(605,Null,Null,Null,"2024-05-13 11:39:10",'свободен',69,1,3,2,1),
(606,Null,Null,Null,"2024-02-20 10:57:13",'свободен',47,2,2,1,33),
(607,Null,Null,"2025-09-26","2024-06-28 18:36:32",'свободен',104,1,6,1,36),
(608,Null,Null,"2025-01-12","2024-02-24 19:26:25",'свободен',6,2,5,2,34),
(609,Null,Null,Null,"2024-04-13 11:31:38",'свободен',106,4,10,1,27),
(610,Null,"129843808189",Null,"2024-03-13 20:59:50",'свободен',2,1,4,1,61),
(611,Null,Null,"2025-04-23","2024-09-26 20:56:12",'свободен',2,4,9,2,63),
(612,Null,Null,"2025-02-24","2024-08-19 10:26:51",'свободен',104,3,9,1,47),
(613,Null,Null,Null,"2024-01-25 10:26:49",'свободен',54,1,8,1,36),
(614,Null,Null,Null,"2024-01-21 17:18:55",'свободен',81,3,9,1,43),
(615,Null,Null,"2025-03-17","2024-07-26 10:47:53",'свободен',110,1,3,2,28),
(616,Null,Null,"2025-04-18","2024-04-28 13:52:38",'свободен',57,2,1,2,27),
(617,Null,Null,"2025-09-25","2024-04-14 12:57:26",'свободен',6,2,7,2,26),
(618,"129843830117",Null,"2025-09-25","2024-08-12 19:33:57",'свободен',47,3,10,1,21),
(619,Null,Null,Null,"2024-03-18 17:54:32",'свободен',26,4,3,2,15),
(620,Null,Null,"2025-05-28","2024-07-27 16:37:50",'свободен',116,1,2,1,20),
(621,Null,Null,Null,"2024-06-14 18:30:13",'свободен',8,3,3,2,46),
(622,Null,Null,Null,"2024-01-21 12:49:30",'свободен',7,1,5,2,42),
(623,Null,Null,Null,"2024-02-25 9:47:59",'свободен',77,3,10,1,21),
(624,Null,Null,"2025-04-23","2024-04-20 10:21:23",'свободен',88,2,7,1,25),
(625,Null,Null,"2025-09-16","2024-02-27 18:22:11",'свободен',67,1,1,1,30),
(626,Null,Null,"2025-01-27","2024-06-25 14:44:30",'свободен',99,4,4,2,48),
(627,Null,Null,"2025-06-23","2024-08-18 16:17:48",'свободен',102,4,5,2,23),
(628,"129843856225",Null,"2025-06-11","2024-08-10 20:44:45",'свободен',67,4,5,1,21),
(629,Null,Null,"2025-05-18","2024-04-13 9:21:28",'свободен',70,2,1,2,45),
(630,Null,Null,"2025-01-26","2024-02-15 12:10:12",'свободен',108,3,1,1,63),
(631,Null,Null,"2025-04-26","2024-01-18 10:49:23",'свободен',30,3,1,1,7),
(632,"129843866611",Null,"2025-03-18","2024-09-20 15:56:31",'свободен',89,4,3,2,10),
(633,Null,Null,"2025-06-20","2024-02-24 10:44:52",'свободен',9,3,10,2,9),
(634,Null,Null,"2025-08-22","2024-03-13 9:56:11",'свободен',28,1,10,1,61),
(635,Null,Null,"2025-01-27","2024-01-16 10:45:19",'свободен',48,2,3,2,57),
(636,Null,Null,Null,"2024-04-27 12:21:22",'свободен',120,4,4,1,65),
(637,Null,Null,Null,"2024-07-10 13:55:30",'свободен',22,3,8,2,26),
(638,Null,Null,"2025-01-18","2024-09-16 14:25:27",'свободен',36,3,3,2,66),
(639,Null,Null,Null,"2024-06-28 16:37:10",'свободен',96,1,2,1,25),
(640,Null,Null,Null,"2024-05-22 18:18:50",'свободен',42,3,9,1,13),
(641,Null,Null,Null,"2024-04-14 15:17:45",'свободен',93,3,5,2,54),
(642,Null,Null,"2025-02-25","2024-01-22 20:57:41",'свободен',99,4,1,2,38),
(643,Null,Null,Null,"2024-02-17 15:21:11",'свободен',28,4,1,2,34),
(644,Null,Null,"2025-02-15","2024-03-20 20:23:15",'свободен',120,1,9,2,40),
(645,Null,Null,"2025-08-24","2024-08-21 20:41:27",'свободен',1,4,7,1,25),
(646,Null,Null,Null,"2024-02-14 20:51:30",'свободен',95,2,5,1,36),
(647,Null,Null,Null,"2024-02-15 9:58:56",'свободен',62,3,9,2,60),
(648,Null,Null,Null,"2024-01-16 12:36:57",'свободен',10,1,4,2,45),
(649,Null,Null,"2025-09-12","2024-08-25 15:51:47",'свободен',73,2,4,1,14),
(650,Null,Null,Null,"2024-01-20 15:55:15",'свободен',78,1,9,1,57),
(651,Null,Null,Null,"2024-05-11 13:28:14",'свободен',105,2,3,2,18),
(652,Null,Null,Null,"2024-07-28 19:16:37",'свободен',78,2,10,1,57),
(653,Null,Null,Null,"2024-03-18 15:23:17",'свободен',93,2,5,1,52),
(654,Null,Null,Null,"2024-03-18 14:17:29",'свободен',33,1,7,1,8),
(655,Null,Null,Null,"2024-08-24 18:19:29",'свободен',37,1,1,2,57),
(656,Null,Null,Null,"2024-06-24 17:51:12",'свободен',1,2,5,1,39),
(657,Null,Null,Null,"2024-08-13 13:51:56",'свободен',81,2,4,2,58),
(658,Null,Null,Null,"2024-06-24 20:48:25",'свободен',42,3,2,1,28),
(659,Null,Null,"2025-09-25","2024-05-22 13:45:10",'свободен',1,1,3,2,1),
(660,Null,Null,"2025-09-15","2024-07-18 9:54:34",'свободен',81,3,3,1,28),
(661,Null,Null,"2025-07-12","2024-06-16 11:59:50",'свободен',21,3,2,1,26),
(662,Null,Null,Null,"2024-08-24 16:35:57",'свободен',96,2,1,2,17),
(663,Null,Null,Null,"2024-02-23 20:14:31",'свободен',61,4,10,2,67),
(664,Null,Null,"2025-05-27","2024-06-18 16:47:27",'свободен',28,2,2,1,58),
(665,Null,Null,"2025-09-27","2024-05-27 19:28:44",'свободен',4,3,1,2,22),
(666,Null,Null,Null,"2024-06-15 16:18:28",'свободен',112,3,6,2,28),
(667,Null,Null,"2025-03-10","2024-05-13 13:20:17",'свободен',108,2,3,1,58),
(668,Null,Null,Null,"2024-02-20 12:15:35",'свободен',15,4,5,2,40),
(669,Null,"129843969964",Null,"2024-05-21 17:43:33",'свободен',74,2,6,1,13),
(670,Null,Null,Null,"2024-09-20 15:13:56",'свободен',48,2,7,2,13),
(671,Null,Null,"2025-06-10","2024-02-17 18:34:44",'свободен',24,2,5,2,37),
(672,Null,Null,"2025-05-28","2024-05-19 10:12:34",'свободен',50,2,4,2,35),
(673,Null,Null,"2025-08-12","2024-08-19 14:32:52",'свободен',50,4,8,2,60),
(674,Null,Null,Null,"2024-07-10 18:35:20",'свободен',31,3,7,2,67),
(675,Null,"129843985528",Null,"2024-06-16 14:57:31",'свободен',71,1,3,2,10),
(676,Null,Null,Null,"2024-01-21 16:14:11",'свободен',85,1,8,2,36),
(677,Null,Null,Null,"2024-07-28 17:17:37",'свободен',68,1,4,1,33),
(678,Null,Null,"2025-05-18","2024-01-15 19:29:28",'свободен',103,4,1,2,29),
(679,Null,Null,"2025-09-28","2024-01-14 17:39:37",'свободен',110,2,2,2,53),
(680,Null,Null,Null,"2024-02-26 19:46:37",'свободен',17,3,6,1,66),
(681,Null,Null,Null,"2024-08-21 16:17:43",'свободен',14,1,5,2,60),
(682,Null,Null,"2025-08-25","2024-08-15 17:45:28",'свободен',67,3,5,2,2),
(683,Null,Null,"2025-01-24","2024-03-15 17:18:41",'свободен',73,2,6,1,17),
(684,Null,Null,Null,"2024-06-21 11:37:40",'свободен',6,4,4,1,31),
(685,Null,Null,Null,"2024-09-27 10:36:11",'свободен',10,4,3,2,36),
(686,Null,Null,Null,"2024-04-15 9:31:29",'свободен',9,3,3,2,64),
(687,Null,Null,Null,"2024-08-27 17:55:24",'свободен',6,4,7,2,5),
(688,Null,Null,Null,"2024-05-20 20:42:27",'свободен',90,4,8,1,35),
(689,Null,Null,"2025-03-18","2024-07-18 14:46:26",'свободен',120,4,5,2,16),
(690,Null,Null,"2025-01-14","2024-09-11 14:26:15",'свободен',91,2,10,2,7),
(691,Null,Null,"2025-06-13","2024-01-16 14:50:56",'свободен',100,4,8,2,62),
(692,Null,"129844030653",Null,"2024-09-25 16:49:50",'свободен',102,1,5,2,5),
(693,"129844033469",Null,"2025-07-27","2024-02-27 12:33:27",'свободен',56,4,5,1,40),
(694,Null,Null,Null,"2024-03-20 9:14:53",'свободен',93,4,10,2,44),
(695,Null,Null,"2025-05-11","2024-09-16 15:49:54",'свободен',44,3,3,1,21),
(696,Null,Null,Null,"2024-06-14 13:19:21",'свободен',106,1,10,1,14),
(697,Null,Null,Null,"2024-04-19 17:27:25",'свободен',67,3,1,2,48),
(698,Null,Null,Null,"2024-08-25 10:26:30",'свободен',63,2,4,2,28),
(699,Null,Null,"2025-05-25","2024-05-11 13:26:35",'свободен',42,4,9,1,18),
(700,Null,Null,Null,"2024-02-25 10:11:56",'свободен',12,4,10,2,52),
(701,Null,Null,"2025-01-23","2024-06-11 9:42:11",'свободен',74,2,3,1,26),
(702,Null,"129844056522",Null,"2024-07-26 17:40:54",'свободен',46,3,1,1,10),
(703,Null,Null,"2025-05-11","2024-03-18 10:39:49",'свободен',21,3,10,2,18),
(704,Null,Null,"2025-06-22","2024-05-21 19:46:50",'свободен',2,2,6,2,8),
(705,Null,Null,"2025-06-25","2024-05-18 11:52:52",'свободен',21,4,7,1,7),
(706,Null,Null,"2025-02-22","2024-08-14 15:39:20",'свободен',120,1,3,2,12),
(707,Null,Null,"2025-04-21","2024-05-18 12:55:18",'свободен',111,1,2,1,43),
(708,Null,Null,Null,"2024-07-14 12:38:17",'свободен',10,4,1,2,41),
(709,Null,Null,Null,"2024-06-18 20:43:50",'свободен',65,3,2,2,50),
(710,Null,Null,Null,"2024-05-24 16:20:46",'свободен',115,1,2,1,22),
(711,Null,Null,Null,"2024-03-28 16:22:12",'свободен',98,1,5,1,25),
(712,Null,Null,"2025-06-21","2024-03-11 14:10:17",'свободен',84,2,3,2,9),
(713,Null,Null,"2025-02-15","2024-08-13 10:44:50",'свободен',7,2,4,1,24),
(714,Null,Null,Null,"2024-06-22 13:37:39",'свободен',97,4,9,2,29),
(715,Null,Null,Null,"2024-05-23 11:14:48",'свободен',44,4,8,2,23),
(716,Null,Null,"2025-05-25","2024-07-16 16:55:20",'свободен',39,1,9,1,67),
(717,Null,Null,"2025-06-10","2024-01-16 17:56:11",'свободен',52,1,9,2,58),
(718,Null,Null,Null,"2024-09-23 12:16:39",'свободен',112,2,3,1,39),
(719,Null,Null,"2025-01-27","2024-04-23 17:15:12",'свободен',54,1,10,1,17),
(720,Null,Null,Null,"2024-03-27 16:22:29",'свободен',91,4,7,1,26),
(721,Null,Null,"2025-03-28","2024-05-28 18:46:16",'свободен',67,2,8,1,33),
(722,Null,Null,Null,"2024-08-26 11:23:11",'свободен',64,3,2,1,30),
(723,Null,Null,Null,"2024-06-27 19:55:37",'свободен',2,1,9,2,31),
(724,Null,"129844116285",Null,"2024-03-14 12:41:21",'свободен',68,1,1,1,2),
(725,Null,Null,Null,"2024-06-28 16:31:27",'свободен',109,1,2,2,16),
(726,Null,Null,Null,"2024-02-17 19:42:40",'свободен',27,1,6,1,48),
(727,Null,Null,Null,"2024-01-11 19:30:19",'свободен',47,1,7,2,11),
(728,Null,Null,Null,"2024-06-27 20:47:11",'свободен',101,2,8,2,52),
(729,Null,Null,"2025-05-25","2024-08-13 13:21:31",'свободен',117,1,9,2,54),
(730,Null,Null,Null,"2024-03-16 12:46:59",'свободен',117,3,9,1,5),
(731,Null,Null,Null,"2024-09-10 20:19:54",'свободен',33,2,7,2,64),
(732,Null,Null,Null,"2024-01-19 12:46:29",'свободен',65,3,9,2,59),
(733,Null,Null,"2025-07-21","2024-04-23 14:33:58",'свободен',85,1,2,1,42),
(734,Null,Null,Null,"2024-03-19 18:56:52",'свободен',88,2,2,2,60),
(735,Null,Null,Null,"2024-02-12 18:12:26",'свободен',35,4,3,2,67),
(736,Null,Null,"2025-08-25","2024-02-11 16:45:42",'свободен',107,3,5,2,65),
(737,Null,Null,Null,"2024-04-20 13:48:26",'свободен',107,2,7,2,4),
(738,Null,Null,"2025-05-26","2024-06-12 15:32:23",'свободен',106,2,8,2,52),
(739,Null,Null,Null,"2024-04-23 11:51:17",'свободен',66,2,2,2,17),
(740,Null,Null,"2025-07-24","2024-03-25 19:58:36",'свободен',114,3,8,2,52),
(741,Null,Null,Null,"2024-09-22 9:57:52",'свободен',37,1,4,1,41),
(742,Null,Null,"2025-05-25","2024-01-14 17:15:42",'свободен',27,3,7,1,54),
(743,Null,Null,Null,"2024-04-28 14:51:47",'свободен',66,1,7,1,54),
(744,Null,Null,"2025-09-23","2024-09-27 14:40:16",'свободен',80,1,3,2,34),
(745,Null,Null,"2025-09-28","2024-08-17 9:19:54",'свободен',28,4,9,1,28),
(746,Null,Null,"2025-04-27","2024-06-20 10:31:43",'свободен',10,2,4,1,46),
(747,Null,Null,"2025-06-10","2024-08-27 14:42:22",'свободен',79,2,4,1,49),
(748,Null,Null,"2025-07-18","2024-06-12 11:25:31",'свободен',116,3,8,2,54),
(749,"129844182478",Null,"2025-02-19","2024-04-26 13:56:38",'свободен',74,1,3,1,8),
(750,Null,Null,Null,"2024-05-26 17:54:49",'свободен',105,2,5,1,56),
(751,Null,Null,Null,"2024-06-23 16:49:37",'свободен',96,2,5,2,18),
(752,Null,Null,Null,"2024-06-27 16:23:17",'свободен',11,2,8,1,7),
(753,Null,Null,Null,"2024-02-20 12:51:31",'свободен',109,2,10,1,50),
(754,Null,"129844197387",Null,"2024-06-16 12:17:51",'свободен',80,1,4,2,56),
(755,Null,Null,Null,"2024-04-13 18:44:21",'свободен',109,1,4,2,43),
(756,Null,Null,Null,"2024-03-23 10:26:59",'свободен',55,2,6,1,1),
(757,Null,Null,"2025-03-10","2024-02-22 11:22:58",'свободен',18,1,1,1,40),
(758,Null,Null,"2025-01-15","2024-04-19 10:25:56",'свободен',45,1,7,2,6),
(759,Null,Null,"2025-03-24","2024-05-23 16:34:57",'свободен',58,4,1,2,7),
(760,Null,Null,Null,"2024-01-24 15:43:42",'свободен',87,1,9,1,68),
(761,Null,Null,Null,"2024-07-21 19:28:25",'свободен',57,3,8,1,56),
(762,Null,Null,Null,"2024-02-16 11:12:40",'свободен',75,3,6,1,68),
(763,Null,"129844220604",Null,"2024-04-10 15:38:49",'свободен',87,4,4,2,31),
(764,Null,Null,"2025-07-15","2024-07-25 11:47:45",'свободен',24,1,10,1,59),
(765,Null,Null,Null,"2024-02-28 19:24:34",'свободен',19,3,6,2,26),
(766,Null,Null,Null,"2024-05-20 18:51:44",'свободен',52,2,5,2,39),
(767,Null,Null,Null,"2024-05-27 19:55:34",'свободен',111,4,5,2,28),
(768,Null,Null,"2025-09-27","2024-06-11 13:47:31",'свободен',7,4,1,1,2),
(769,Null,Null,Null,"2024-04-17 11:14:57",'свободен',12,3,5,2,3),
(770,Null,Null,Null,"2024-08-23 14:22:52",'свободен',2,2,10,2,49),
(771,Null,Null,"2025-02-17","2024-01-17 11:41:57",'свободен',80,3,5,2,30),
(772,Null,Null,"2025-07-13","2024-09-18 20:23:46",'свободен',35,2,9,2,61),
(773,Null,Null,Null,"2024-07-16 9:16:22",'свободен',106,3,10,1,31),
(774,Null,Null,Null,"2024-07-15 13:51:58",'свободен',108,1,2,1,25),
(775,Null,Null,Null,"2024-02-13 13:41:27",'свободен',120,4,3,1,22),
(776,Null,Null,"2025-08-10","2024-02-23 18:49:38",'свободен',76,3,3,1,51),
(777,Null,Null,Null,"2024-01-20 18:25:57",'свободен',94,2,6,2,49),
(778,Null,Null,Null,"2024-06-12 18:34:27",'свободен',39,2,10,1,41),
(779,Null,Null,Null,"2024-06-14 14:37:25",'свободен',95,1,10,1,66),
(780,Null,Null,"2025-09-11","2024-06-13 15:34:44",'свободен',23,4,7,2,29),
(781,Null,Null,"2025-05-24","2024-06-23 18:44:14",'свободен',44,4,6,1,65),
(782,Null,Null,"2025-08-28","2024-03-26 20:52:26",'свободен',85,1,4,2,7),
(783,Null,Null,Null,"2024-01-24 11:51:32",'свободен',113,2,4,2,21),
(784,Null,Null,"2025-04-21","2024-09-18 17:55:53",'свободен',27,2,4,1,37),
(785,Null,Null,"2025-05-19","2024-07-18 16:11:27",'свободен',45,2,4,1,14),
(786,Null,Null,"2025-03-16","2024-06-25 13:17:23",'свободен',2,1,6,1,37),
(787,Null,Null,Null,"2024-03-21 10:22:48",'свободен',30,2,5,2,22),
(788,Null,Null,"2025-03-16","2024-07-17 14:55:30",'свободен',1,4,8,2,40),
(789,Null,Null,Null,"2024-08-27 18:29:35",'свободен',100,3,7,2,33),
(790,Null,Null,Null,"2024-03-28 14:37:21",'свободен',51,1,1,2,24),
(791,Null,Null,Null,"2024-05-25 11:24:57",'свободен',53,3,7,2,38),
(792,Null,Null,"2025-08-22","2024-05-15 13:13:16",'свободен',82,4,6,2,35),
(793,Null,Null,Null,"2024-07-18 10:42:27",'свободен',86,4,7,1,46),
(794,Null,Null,"2025-05-15","2024-02-11 11:50:56",'свободен',81,4,4,1,3),
(795,Null,Null,"2025-07-16","2024-09-24 19:15:14",'свободен',97,1,8,1,56),
(796,Null,Null,Null,"2024-06-21 13:58:49",'свободен',52,2,9,1,41),
(797,Null,Null,Null,"2024-04-17 11:50:15",'свободен',45,3,5,1,5),
(798,Null,Null,"2025-05-27","2024-01-26 9:47:35",'свободен',99,4,4,2,24),
(799,Null,Null,Null,"2024-09-11 15:32:20",'свободен',26,3,3,1,26),
(800,Null,Null,"2025-07-23","2024-03-26 15:18:25",'свободен',35,1,7,2,13),
(801,Null,"129844324368",Null,"2024-04-18 14:36:55",'свободен',47,4,6,2,48),
(802,Null,Null,"2025-03-17","2024-06-27 16:35:52",'свободен',31,4,2,2,54),
(803,Null,Null,"2025-05-22","2024-01-24 17:13:50",'свободен',108,1,4,2,20),
(804,Null,"129844332581",Null,"2024-06-23 14:55:32",'свободен',109,3,7,1,63),
(805,Null,Null,"2025-07-18","2024-04-23 10:28:49",'свободен',5,2,2,1,24),
(806,Null,Null,"2025-08-14","2024-09-26 13:54:50",'свободен',61,4,2,2,54),
(807,Null,Null,"2025-04-26","2024-09-22 19:50:18",'свободен',82,1,7,1,66),
(808,Null,Null,Null,"2024-05-13 15:58:11",'свободен',113,4,9,2,27),
(809,Null,Null,"2025-01-10","2024-02-19 18:14:30",'свободен',40,2,9,1,33),
(810,Null,Null,Null,"2024-05-20 9:35:30",'свободен',65,4,7,1,54),
(811,Null,Null,Null,"2024-03-15 14:47:48",'свободен',95,3,5,1,17),
(812,Null,Null,"2025-02-17","2024-07-28 15:52:24",'свободен',52,4,4,1,61),
(813,Null,Null,Null,"2024-06-17 12:51:59",'свободен',96,3,7,1,36),
(814,Null,Null,"2025-04-19","2024-03-17 19:41:32",'свободен',35,3,8,1,12),
(815,Null,Null,Null,"2024-09-21 12:37:33",'свободен',71,2,9,1,43),
(816,Null,Null,"2025-01-23","2024-07-27 18:51:54",'свободен',82,1,1,2,11),
(817,Null,Null,Null,"2024-09-26 12:34:22",'свободен',5,4,3,1,9),
(818,Null,Null,"2025-04-21","2024-03-28 17:46:49",'свободен',108,1,8,1,18),
(819,Null,Null,"2025-02-15","2024-04-28 17:46:58",'свободен',98,4,3,2,32),
(820,Null,Null,"2025-08-27","2024-09-27 17:26:42",'свободен',58,3,1,2,48),
(821,Null,Null,"2025-06-27","2024-01-28 13:42:48",'свободен',84,4,6,1,57),
(822,Null,Null,Null,"2024-08-22 19:13:51",'свободен',73,2,10,1,22),
(823,Null,Null,"2025-06-21","2024-03-20 20:12:59",'свободен',50,3,5,1,30),
(824,Null,Null,Null,"2024-06-15 14:19:48",'свободен',33,1,1,2,52),
(825,Null,Null,Null,"2024-04-10 12:51:36",'свободен',65,3,2,1,14),
(826,Null,Null,"2025-09-25","2024-08-21 17:38:12",'свободен',98,1,4,1,37),
(827,Null,Null,"2025-04-14","2024-01-13 20:58:42",'свободен',41,1,3,2,35),
(828,Null,Null,Null,"2024-01-24 9:35:12",'свободен',106,2,6,2,67),
(829,Null,Null,Null,"2024-03-25 11:14:41",'свободен',90,1,5,2,4),
(830,Null,Null,Null,"2024-06-22 19:18:51",'свободен',50,1,6,2,27),
(831,Null,Null,Null,"2024-04-21 9:28:50",'свободен',96,4,3,1,3),
(832,Null,"129844407381",Null,"2024-01-18 10:39:17",'свободен',86,2,4,1,33),
(833,Null,Null,Null,"2024-06-15 20:29:17",'свободен',37,2,2,2,36),
(834,Null,Null,"2025-09-11","2024-09-10 17:59:43",'свободен',95,1,5,2,5),
(835,Null,Null,"2025-04-15","2024-03-12 20:24:39",'свободен',53,4,2,1,29),
(836,Null,"129844418416",Null,"2024-03-25 18:57:52",'свободен',112,2,1,1,46),
(837,Null,Null,Null,"2024-03-22 9:49:33",'свободен',23,1,2,2,8),
(838,Null,Null,"2025-09-20","2024-09-16 19:52:38",'свободен',1,3,10,1,36),
(839,Null,Null,"2025-02-24","2024-07-15 16:47:42",'свободен',109,1,2,2,10),
(840,Null,Null,Null,"2024-05-28 19:33:30",'свободен',64,1,4,2,16),
(841,Null,Null,"2025-06-28","2024-07-19 17:58:41",'свободен',61,2,10,2,58),
(842,Null,Null,"2025-01-26","2024-02-16 19:59:48",'свободен',81,1,10,2,11),
(843,Null,"129844436827",Null,"2024-03-17 14:49:38",'свободен',101,3,3,1,50),
(844,Null,"129844439653",Null,"2024-05-24 19:20:38",'свободен',98,2,5,1,63),
(845,Null,Null,"2025-02-18","2024-04-21 19:34:43",'свободен',58,1,7,2,61),
(846,Null,Null,Null,"2024-02-19 11:50:31",'свободен',106,3,8,2,43),
(847,Null,Null,Null,"2024-01-11 9:11:25",'свободен',59,3,8,1,49),
(848,Null,"129844449759",Null,"2024-09-22 19:32:50",'свободен',18,1,3,2,47),
(849,Null,Null,"2025-02-23","2024-04-25 13:52:51",'свободен',48,4,2,2,11),
(850,"129844454826",Null,"2025-05-23","2024-09-12 20:47:57",'свободен',110,3,8,1,31),
(851,"129844457761",Null,"2025-07-23","2024-05-19 15:20:28",'свободен',18,4,8,1,67),
(852,Null,Null,Null,"2024-09-17 20:47:28",'свободен',112,3,1,2,10),
(853,Null,Null,"2025-07-27","2024-02-24 14:41:27",'свободен',117,4,1,1,67),
(854,Null,Null,"2025-04-21","2024-06-28 17:31:19",'свободен',101,1,10,1,29),
(855,Null,Null,Null,"2024-07-12 14:57:33",'свободен',24,4,9,2,30),
(856,Null,Null,"2025-06-22","2024-01-25 11:54:35",'свободен',58,2,8,1,43),
(857,"129844473185",Null,"2025-09-18","2024-01-18 15:55:38",'свободен',26,4,10,2,14),
(858,Null,Null,"2025-02-19","2024-04-18 20:20:13",'свободен',101,1,8,1,3),
(859,Null,Null,Null,"2024-01-21 16:51:10",'свободен',69,2,5,1,23),
(860,Null,Null,"2025-05-28","2024-09-21 13:36:52",'свободен',5,1,7,1,18),
(861,Null,Null,Null,"2024-08-25 11:20:18",'свободен',14,3,5,2,3),
(862,Null,Null,Null,"2024-02-11 13:44:19",'свободен',21,2,8,2,22),
(863,Null,Null,"2025-02-21","2024-08-10 16:50:30",'свободен',65,2,3,2,28),
(864,Null,Null,"2025-06-12","2024-09-21 17:18:32",'свободен',63,3,4,2,2),
(865,Null,Null,"2025-09-24","2024-06-19 15:38:25",'свободен',111,1,4,1,35),
(866,"129844498064",Null,"2025-09-27","2024-09-13 11:30:42",'свободен',68,1,10,2,37),
(867,Null,Null,"2025-07-27","2024-05-27 11:32:53",'свободен',21,4,5,2,27),
(868,Null,"129844503785",Null,"2024-03-28 17:23:19",'свободен',10,4,7,1,32),
(869,Null,Null,Null,"2024-01-20 19:24:35",'свободен',11,3,2,1,29),
(870,Null,Null,Null,"2024-02-22 11:24:19",'свободен',24,2,8,2,16),
(871,Null,Null,Null,"2024-08-26 9:47:38",'свободен',100,3,4,1,24),
(872,Null,Null,"2025-07-14","2024-09-12 12:18:17",'свободен',114,4,7,1,29),
(873,Null,Null,"2025-07-24","2024-06-19 18:56:57",'свободен',91,1,4,2,47),
(874,Null,Null,"2025-02-22","2024-03-14 15:34:52",'свободен',117,3,6,2,65),
(875,Null,Null,"2025-03-18","2024-02-18 9:40:55",'свободен',38,2,10,1,56),
(876,Null,Null,Null,"2024-01-12 20:36:16",'свободен',50,3,3,2,25),
(877,Null,Null,Null,"2024-03-27 18:36:39",'свободен',81,3,7,2,45),
(878,Null,Null,"2025-04-12","2024-01-19 17:38:55",'свободен',110,1,4,2,52),
(879,Null,Null,"2025-04-20","2024-09-11 16:58:17",'свободен',74,3,10,2,28),
(880,"129844537615",Null,"2025-07-24","2024-01-10 20:26:15",'свободен',40,3,3,2,29),
(881,Null,Null,Null,"2024-02-19 13:56:54",'свободен',81,2,6,2,38),
(882,Null,Null,"2025-03-21","2024-04-12 12:15:25",'свободен',58,3,8,2,8),
(883,Null,Null,Null,"2024-06-15 19:40:15",'свободен',49,3,3,2,12),
(884,Null,Null,"2025-01-12","2024-02-12 15:57:31",'свободен',17,3,7,1,36),
(885,Null,Null,"2025-07-22","2024-09-15 10:25:14",'свободен',63,2,9,1,39),
(886,Null,Null,Null,"2024-01-22 9:12:31",'свободен',64,2,1,1,9),
(887,Null,Null,"2025-06-12","2024-05-13 16:49:16",'свободен',19,3,4,2,30),
(888,Null,Null,"2025-03-27","2024-04-15 14:28:15",'свободен',59,1,2,2,13),
(889,Null,Null,Null,"2024-08-24 12:23:16",'свободен',96,4,2,1,28),
(890,Null,Null,"2025-04-24","2024-04-20 18:21:54",'свободен',38,2,4,1,30),
(891,Null,Null,"2025-06-20","2024-06-20 12:37:13",'свободен',58,1,1,1,8),
(892,Null,"129844570999",Null,"2024-01-21 16:45:17",'свободен',93,4,10,2,49),
(893,Null,Null,Null,"2024-08-11 20:17:41",'свободен',101,3,9,1,59),
(894,Null,Null,"2025-03-22","2024-01-23 17:15:19",'свободен',69,3,10,1,53),
(895,Null,"129844578983",Null,"2024-02-24 16:30:59",'свободен',87,3,8,2,7),
(896,Null,Null,Null,"2024-06-14 18:54:46",'свободен',93,3,2,2,63),
(897,Null,Null,"2025-01-11","2024-03-23 9:40:41",'свободен',47,1,10,2,41),
(898,Null,Null,Null,"2024-09-23 9:38:21",'свободен',99,1,6,2,61),
(899,Null,Null,"2025-07-23","2024-03-14 11:33:24",'свободен',105,4,6,1,51),
(900,Null,Null,"2025-09-15","2024-05-13 10:41:56",'свободен',113,1,9,1,39),
(901,Null,Null,"2025-05-18","2024-04-23 11:37:15",'свободен',85,4,1,1,17),
(902,Null,Null,Null,"2024-06-25 11:23:23",'свободен',12,2,9,2,44),
(903,Null,Null,Null,"2024-07-27 13:52:23",'свободен',72,2,1,1,64),
(904,"129844601682",Null,"2025-04-20","2024-02-18 16:27:44",'свободен',29,1,8,2,68),
(905,Null,Null,Null,"2024-02-19 16:39:30",'свободен',93,4,2,1,55),
(906,Null,Null,"2025-01-25","2024-04-28 17:33:56",'свободен',41,4,8,2,5),
(907,Null,Null,"2025-05-15","2024-01-23 12:18:23",'свободен',69,3,10,2,63),
(908,"129844612171",Null,"2025-04-19","2024-07-21 16:10:27",'свободен',95,3,9,2,47),
(909,Null,Null,Null,"2024-02-17 12:45:45",'свободен',95,2,2,2,21),
(910,Null,Null,"2025-08-15","2024-02-17 15:29:28",'свободен',107,2,8,2,19),
(911,Null,Null,Null,"2024-05-15 9:48:50",'свободен',72,3,10,1,61),
(912,Null,Null,"2025-09-14","2024-04-14 17:26:47",'свободен',28,1,8,1,23),
(913,Null,Null,"2025-04-24","2024-04-27 14:49:45",'свободен',19,3,1,2,60),
(914,Null,Null,"2025-06-27","2024-06-22 16:56:51",'свободен',110,4,1,2,38),
(915,Null,Null,Null,"2024-07-28 14:26:45",'свободен',90,2,1,1,25),
(916,Null,Null,Null,"2024-03-27 17:51:59",'свободен',110,2,8,1,13),
(917,Null,Null,"2025-01-14","2024-06-25 13:45:27",'свободен',75,4,7,1,50),
(918,Null,"129844638316",Null,"2024-09-13 18:36:19",'свободен',30,2,2,1,41),
(919,Null,Null,"2025-03-15","2024-04-13 16:11:24",'свободен',117,4,2,1,30),
(920,Null,Null,"2025-07-17","2024-06-23 16:24:52",'свободен',61,3,1,1,19),
(921,Null,Null,Null,"2024-01-21 13:38:41",'свободен',19,4,2,2,40),
(922,Null,Null,"2025-02-27","2024-02-22 19:35:36",'свободен',28,3,9,2,3),
(923,Null,Null,"2025-04-17","2024-08-18 15:50:35",'свободен',2,1,6,1,26),
(924,Null,Null,"2025-07-21","2024-02-17 18:24:16",'свободен',70,1,4,1,26),
(925,Null,Null,Null,"2024-05-17 18:31:50",'свободен',61,4,10,1,1),
(926,Null,Null,Null,"2024-09-13 14:26:45",'свободен',13,1,2,1,56),
(927,Null,Null,"2025-06-20","2024-04-28 14:34:33",'свободен',24,1,7,1,36),
(928,"129844666050",Null,"2025-06-15","2024-01-22 9:24:46",'свободен',96,2,6,1,15),
(929,Null,Null,"2025-01-21","2024-02-24 15:16:26",'свободен',56,4,3,1,67),
(930,Null,Null,Null,"2024-02-18 14:41:14",'свободен',87,2,4,2,22),
(931,Null,Null,"2025-02-11","2024-02-11 13:56:50",'свободен',111,4,2,1,29),
(932,Null,"129844676113",Null,"2024-01-12 9:45:11",'свободен',104,1,5,2,37),
(933,Null,Null,"2025-05-25","2024-09-16 13:55:51",'свободен',83,4,5,1,25),
(934,Null,Null,Null,"2024-02-12 19:22:44",'свободен',22,4,1,2,3),
(935,Null,Null,Null,"2024-02-10 13:50:11",'свободен',72,1,5,2,56),
(936,Null,Null,"2025-05-19","2024-09-18 18:12:18",'свободен',16,3,1,1,34),
(937,"129844690006",Null,"2025-04-19","2024-01-24 14:37:41",'свободен',102,4,6,2,8),
(938,Null,Null,Null,"2024-08-16 19:49:15",'свободен',64,4,1,1,1),
(939,Null,Null,"2025-06-11","2024-01-16 14:48:27",'свободен',47,4,3,2,53),
(940,Null,Null,Null,"2024-07-18 19:49:47",'свободен',85,1,3,2,11),
(941,Null,Null,"2025-05-22","2024-02-24 9:54:57",'свободен',117,3,7,2,24),
(942,Null,Null,Null,"2024-09-21 20:32:22",'свободен',31,3,5,2,3),
(943,"129844705051",Null,"2025-06-28","2024-02-13 11:23:23",'свободен',51,2,9,2,34),
(944,Null,Null,"2025-01-19","2024-04-11 20:45:49",'свободен',71,2,5,1,24),
(945,Null,Null,Null,"2024-09-18 13:51:39",'свободен',75,2,5,1,31),
(946,Null,Null,"2025-06-13","2024-01-13 15:15:36",'свободен',16,2,10,2,7),
(947,Null,Null,"2025-09-25","2024-08-17 15:53:45",'свободен',107,4,2,2,42),
(948,Null,Null,Null,"2024-03-20 12:53:36",'свободен',10,1,8,2,7),
(949,Null,Null,"2025-08-22","2024-09-11 11:15:28",'свободен',21,3,1,1,20),
(950,Null,Null,Null,"2024-09-12 16:38:10",'свободен',50,3,8,1,41),
(951,Null,Null,Null,"2024-08-13 13:42:31",'свободен',68,2,7,2,59),
(952,Null,Null,"2025-01-11","2024-03-28 9:27:11",'свободен',35,1,4,1,44),
(953,Null,Null,Null,"2024-05-11 9:16:17",'свободен',100,3,4,2,53),
(954,Null,Null,Null,"2024-02-28 10:28:52",'свободен',113,4,5,2,6),
(955,Null,Null,Null,"2024-08-24 20:21:44",'свободен',16,1,2,1,31),
(956,Null,Null,Null,"2024-04-20 11:44:58",'свободен',41,4,6,2,23),
(957,Null,Null,Null,"2024-09-24 16:54:20",'свободен',64,2,6,1,13),
(958,Null,Null,Null,"2024-09-14 19:54:36",'свободен',87,1,2,2,7),
(959,Null,Null,"2025-09-16","2024-05-10 17:37:19",'свободен',84,3,6,2,60),
(960,Null,Null,Null,"2024-07-21 11:23:43",'свободен',57,2,10,2,59),
(961,Null,Null,Null,"2024-04-27 10:42:37",'свободен',63,1,5,1,38),
(962,Null,Null,"2025-09-16","2024-02-10 18:19:58",'свободен',4,3,10,1,40),
(963,Null,Null,Null,"2024-09-25 15:51:25",'свободен',107,3,8,1,61),
(964,Null,Null,"2025-07-10","2024-05-10 12:42:35",'свободен',15,1,4,1,23),
(965,Null,Null,"2025-05-28","2024-04-24 17:58:56",'свободен',113,1,1,1,14),
(966,Null,Null,"2025-02-28","2024-05-10 20:24:35",'свободен',82,2,6,1,13),
(967,Null,Null,"2025-05-18","2024-08-11 14:43:39",'свободен',29,4,5,2,66),
(968,Null,Null,Null,"2024-06-12 9:13:25",'свободен',80,1,8,1,42),
(969,Null,Null,"2025-07-18","2024-07-26 19:21:15",'свободен',14,4,10,2,47),
(970,Null,Null,"2025-07-11","2024-05-24 18:53:30",'свободен',6,3,5,1,1),
(971,Null,Null,"2025-05-14","2024-02-25 11:48:44",'свободен',70,3,8,1,25),
(972,Null,Null,"2025-01-27","2024-09-14 13:11:34",'свободен',9,1,5,1,39),
(973,Null,Null,Null,"2024-09-27 14:47:15",'свободен',72,3,5,2,16),
(974,Null,Null,"2025-09-20","2024-07-14 15:33:59",'свободен',90,3,1,2,57),
(975,Null,Null,Null,"2024-04-15 12:53:51",'свободен',35,2,10,2,33),
(976,Null,Null,Null,"2024-08-12 19:41:41",'свободен',109,2,9,1,46),
(977,Null,Null,"2025-01-12","2024-07-20 13:25:21",'свободен',120,3,7,1,46),
(978,Null,Null,Null,"2024-03-24 18:42:47",'свободен',66,2,4,1,12),
(979,Null,Null,"2025-07-11","2024-01-15 19:46:34",'свободен',4,3,4,2,43),
(980,Null,"129844803298",Null,"2024-08-17 10:58:13",'свободен',118,3,8,2,31),
(981,Null,Null,Null,"2024-05-13 19:34:10",'свободен',41,1,8,1,39),
(982,Null,"129844808540",Null,"2024-02-22 10:45:36",'свободен',75,3,9,2,16),
(983,Null,Null,"2025-02-26","2024-05-26 9:22:24",'свободен',89,4,7,1,63),
(984,Null,Null,"2025-04-19","2024-02-22 13:24:46",'свободен',61,1,8,1,16),
(985,Null,Null,Null,"2024-07-24 11:33:42",'свободен',59,4,3,1,65),
(986,Null,Null,Null,"2024-03-26 17:15:34",'свободен',96,4,8,2,30),
(987,Null,Null,Null,"2024-04-10 15:56:30",'свободен',107,4,5,1,55),
(988,Null,Null,"2025-02-14","2024-04-18 14:54:38",'свободен',13,1,1,2,26),
(989,Null,Null,Null,"2024-05-12 13:11:52",'свободен',53,1,10,1,40),
(990,Null,Null,"2025-08-22","2024-02-25 12:42:36",'свободен',76,2,2,2,19),
(991,Null,Null,"2025-09-21","2024-06-20 19:36:45",'свободен',110,1,1,1,57),
(992,Null,Null,Null,"2024-04-12 12:38:50",'свободен',119,2,3,1,15),
(993,Null,Null,Null,"2024-02-11 11:55:34",'свободен',107,1,6,2,26),
(994,Null,Null,Null,"2024-07-15 19:43:33",'свободен',83,3,9,1,52),
(995,Null,Null,Null,"2024-01-10 13:43:17",'свободен',1,4,6,2,40),
(996,Null,Null,"2025-05-21","2024-02-16 13:12:34",'свободен',95,3,3,1,13),
(997,Null,Null,Null,"2024-07-27 16:50:43",'свободен',104,1,3,1,29),
(998,Null,Null,"2025-01-12","2024-03-10 19:13:19",'свободен',47,3,9,1,31),
(999,Null,Null,Null,"2024-08-14 18:28:16",'собран',17,4,2,1,1),
(1000,Null,Null,Null,"2024-07-15 9:52:45",'свободен',53,1,3,1,64);

INSERT INTO `товары в заказе` (id_товары_в_заказе, товар_id_товара, статус, заказ_id_заказ) values
(1,1,"собран",1),
(2,3,"собран",1),
(3,25,"собран",1),
(4,126,"собран",1),
(5,34,"собран",1),
(6,53,"собран",1),
(7,11,"собран",1),
(8,32,"собран",1),
(9,213,"собран",1),
(10,436,"собран",1),
(11,455,"собран",2),
(12,123,"собран",2),
(13,122,"собран",2),
(14,2,"собран",2),
(15,999,"собран",3),
(16,555,"собран",3);


-- select * from `товар`; -- посмотреть всю информацию о товаре
-- SELECT ячейка.наименование AS наименование_ячейки, `перечень товаров`.наименование AS наименование_товара, `перечень товаров`.`штрих-код` FROM ячейка JOIN товар ON ячейка.id_ячейки = товар.ячейка_id_ячейки JOIN `перечень товаров` ON товар.`перечень товаров_id_перечень_товаров` = `перечень товаров`.id_перечень_товаров WHERE ячейка.id_ячейки = 1;-- посмотреть всю информацию о товарах в ячейке
